media_a,media_b,annee,tranche,n,echo
lemonde,lefigaro,2004,0,47,0
lemonde,lefigaro,2004,1,17,3
lemonde,lefigaro,2004,2,17,3
lemonde,lefigaro,2004,3,7,1
lemonde,lefigaro,2005,0,1669,16
lemonde,lefigaro,2005,1,723,7
lemonde,lefigaro,2005,2,466,4
lemonde,lefigaro,2005,3,311,4
lemonde,lefigaro,2006,0,1515,211
lemonde,lefigaro,2006,1,556,103
lemonde,lefigaro,2006,2,404,114
lemonde,lefigaro,2006,3,262,68
lemonde,lefigaro,2007,0,1015,147
lemonde,lefigaro,2007,1,376,99
lemonde,lefigaro,2007,2,298,96
lemonde,lefigaro,2007,3,238,95
lemonde,lefigaro,2008,0,1033,197
lemonde,lefigaro,2008,1,405,122
lemonde,lefigaro,2008,2,318,107
lemonde,lefigaro,2008,3,210,89
lemonde,lefigaro,2009,0,958,192
lemonde,lefigaro,2009,1,374,99
lemonde,lefigaro,2009,2,282,89
lemonde,lefigaro,2009,3,223,77
lemonde,lefigaro,2010,0,1046,189
lemonde,lefigaro,2010,1,414,114
lemonde,lefigaro,2010,2,325,87
lemonde,lefigaro,2010,3,253,88
lemonde,lefigaro,2011,0,976,223
lemonde,lefigaro,2011,1,369,113
lemonde,lefigaro,2011,2,306,106
lemonde,lefigaro,2011,3,197,90
lemonde,lefigaro,2012,0,898,204
lemonde,lefigaro,2012,1,351,88
lemonde,lefigaro,2012,2,278,100
lemonde,lefigaro,2012,3,215,98
lemonde,lefigaro,2013,0,787,158
lemonde,lefigaro,2013,1,312,84
lemonde,lefigaro,2013,2,214,74
lemonde,lefigaro,2013,3,161,44
lemonde,lefigaro,2014,0,838,160
lemonde,lefigaro,2014,1,333,96
lemonde,lefigaro,2014,2,244,92
lemonde,lefigaro,2014,3,148,55
lemonde,lefigaro,2015,0,820,194
lemonde,lefigaro,2015,1,349,122
lemonde,lefigaro,2015,2,246,114
lemonde,lefigaro,2015,3,188,93
lemonde,lefigaro,2016,0,819,179
lemonde,lefigaro,2016,1,290,96
lemonde,lefigaro,2016,2,217,98
lemonde,lefigaro,2016,3,163,81
lemonde,lefigaro,2017,0,778,144
lemonde,lefigaro,2017,1,335,105
lemonde,lefigaro,2017,2,255,91
lemonde,lefigaro,2017,3,214,76
lemonde,lefigaro,2018,0,865,176
lemonde,lefigaro,2018,1,342,89
lemonde,lefigaro,2018,2,265,72
lemonde,lefigaro,2018,3,197,51
lemonde,lefigaro,2019,0,897,135
lemonde,lefigaro,2019,1,381,69
lemonde,lefigaro,2019,2,256,60
lemonde,lefigaro,2019,3,255,40
lemonde,lefigaro,2020,0,864,194
lemonde,lefigaro,2020,1,313,84
lemonde,lefigaro,2020,2,257,76
lemonde,lefigaro,2020,3,162,57
lemonde,lefigaro,2021,0,767,119
lemonde,lefigaro,2021,1,305,73
lemonde,lefigaro,2021,2,180,50
lemonde,lefigaro,2021,3,122,25
lemonde,lefigaro,2022,0,1436,146
lemonde,lefigaro,2022,1,577,87
lemonde,lefigaro,2022,2,478,81
lemonde,lefigaro,2022,3,329,53
lemonde,lefigaro,2023,0,735,129
lemonde,lefigaro,2023,1,266,61
lemonde,lefigaro,2023,2,170,48
lemonde,lefigaro,2023,3,76,19
lemonde,lefigaro,2024,0,123,20
lemonde,lefigaro,2024,1,35,4
lemonde,lefigaro,2024,2,20,4
lemonde,lefigaro,2024,3,14,2
lemonde,ouestfrance,2001,0,573,2
lemonde,ouestfrance,2001,1,247,0
lemonde,ouestfrance,2001,2,204,0
lemonde,ouestfrance,2001,3,145,0
lemonde,ouestfrance,2002,0,486,0
lemonde,ouestfrance,2002,1,187,0
lemonde,ouestfrance,2002,2,161,0
lemonde,ouestfrance,2002,3,96,0
lemonde,ouestfrance,2003,0,718,0
lemonde,ouestfrance,2003,1,301,0
lemonde,ouestfrance,2003,2,229,0
lemonde,ouestfrance,2003,3,166,1
lemonde,ouestfrance,2004,0,768,0
lemonde,ouestfrance,2004,1,377,0
lemonde,ouestfrance,2004,2,257,0
lemonde,ouestfrance,2004,3,218,0
lemonde,ouestfrance,2005,0,1404,1
lemonde,ouestfrance,2005,1,621,0
lemonde,ouestfrance,2005,2,411,0
lemonde,ouestfrance,2005,3,279,1
lemonde,ouestfrance,2006,0,1280,0
lemonde,ouestfrance,2006,1,478,1
lemonde,ouestfrance,2006,2,346,0
lemonde,ouestfrance,2006,3,223,0
lemonde,ouestfrance,2007,0,860,4
lemonde,ouestfrance,2007,1,325,2
lemonde,ouestfrance,2007,2,240,1
lemonde,ouestfrance,2007,3,213,1
lemonde,ouestfrance,2008,0,880,126
lemonde,ouestfrance,2008,1,347,58
lemonde,ouestfrance,2008,2,262,62
lemonde,ouestfrance,2008,3,191,63
lemonde,ouestfrance,2009,0,816,113
lemonde,ouestfrance,2009,1,330,44
lemonde,ouestfrance,2009,2,239,45
lemonde,ouestfrance,2009,3,215,39
lemonde,ouestfrance,2010,0,921,165
lemonde,ouestfrance,2010,1,374,85
lemonde,ouestfrance,2010,2,296,65
lemonde,ouestfrance,2010,3,227,72
lemonde,ouestfrance,2011,0,826,181
lemonde,ouestfrance,2011,1,313,92
lemonde,ouestfrance,2011,2,266,88
lemonde,ouestfrance,2011,3,174,79
lemonde,ouestfrance,2012,0,779,107
lemonde,ouestfrance,2012,1,310,63
lemonde,ouestfrance,2012,2,253,59
lemonde,ouestfrance,2012,3,195,76
lemonde,ouestfrance,2013,0,671,45
lemonde,ouestfrance,2013,1,282,30
lemonde,ouestfrance,2013,2,191,25
lemonde,ouestfrance,2013,3,145,14
lemonde,ouestfrance,2014,0,758,59
lemonde,ouestfrance,2014,1,294,37
lemonde,ouestfrance,2014,2,214,44
lemonde,ouestfrance,2014,3,139,32
lemonde,ouestfrance,2015,0,706,71
lemonde,ouestfrance,2015,1,314,59
lemonde,ouestfrance,2015,2,224,58
lemonde,ouestfrance,2015,3,179,59
lemonde,ouestfrance,2016,0,733,79
lemonde,ouestfrance,2016,1,263,51
lemonde,ouestfrance,2016,2,201,42
lemonde,ouestfrance,2016,3,141,47
lemonde,ouestfrance,2017,0,685,71
lemonde,ouestfrance,2017,1,300,64
lemonde,ouestfrance,2017,2,222,59
lemonde,ouestfrance,2017,3,203,67
lemonde,ouestfrance,2018,0,753,98
lemonde,ouestfrance,2018,1,299,48
lemonde,ouestfrance,2018,2,236,31
lemonde,ouestfrance,2018,3,178,37
lemonde,ouestfrance,2019,0,817,95
lemonde,ouestfrance,2019,1,360,41
lemonde,ouestfrance,2019,2,243,35
lemonde,ouestfrance,2019,3,244,35
lemonde,ouestfrance,2020,0,794,162
lemonde,ouestfrance,2020,1,296,74
lemonde,ouestfrance,2020,2,242,66
lemonde,ouestfrance,2020,3,164,50
lemonde,ouestfrance,2021,0,695,102
lemonde,ouestfrance,2021,1,279,53
lemonde,ouestfrance,2021,2,164,40
lemonde,ouestfrance,2021,3,120,26
lemonde,ouestfrance,2022,0,1281,103
lemonde,ouestfrance,2022,1,517,74
lemonde,ouestfrance,2022,2,405,76
lemonde,ouestfrance,2022,3,307,47
lemonde,ouestfrance,2023,0,673,104
lemonde,ouestfrance,2023,1,243,38
lemonde,ouestfrance,2023,2,149,35
lemonde,ouestfrance,2023,3,78,17
lemonde,ouestfrance,2024,0,626,117
lemonde,ouestfrance,2024,1,221,47
lemonde,ouestfrance,2024,2,158,50
lemonde,ouestfrance,2024,3,140,47
lemonde,ouestfrance,2025,0,575,80
lemonde,ouestfrance,2025,1,225,44
lemonde,ouestfrance,2025,2,159,44
lemonde,ouestfrance,2025,3,95,26
lemonde,mediapart,2008,0,804,51
lemonde,mediapart,2008,1,326,37
lemonde,mediapart,2008,2,245,23
lemonde,mediapart,2008,3,167,25
lemonde,mediapart,2009,0,906,44
lemonde,mediapart,2009,1,349,26
lemonde,mediapart,2009,2,261,22
lemonde,mediapart,2009,3,206,26
lemonde,mediapart,2010,0,994,57
lemonde,mediapart,2010,1,386,35
lemonde,mediapart,2010,2,307,30
lemonde,mediapart,2010,3,251,38
lemonde,mediapart,2011,0,931,58
lemonde,mediapart,2011,1,349,31
lemonde,mediapart,2011,2,289,29
lemonde,mediapart,2011,3,188,38
lemonde,mediapart,2012,0,849,58
lemonde,mediapart,2012,1,320,24
lemonde,mediapart,2012,2,262,38
lemonde,mediapart,2012,3,204,49
lemonde,mediapart,2013,0,738,44
lemonde,mediapart,2013,1,287,30
lemonde,mediapart,2013,2,191,19
lemonde,mediapart,2013,3,144,17
lemonde,mediapart,2014,0,775,53
lemonde,mediapart,2014,1,312,21
lemonde,mediapart,2014,2,222,33
lemonde,mediapart,2014,3,137,25
lemonde,mediapart,2015,0,760,62
lemonde,mediapart,2015,1,321,30
lemonde,mediapart,2015,2,230,26
lemonde,mediapart,2015,3,182,38
lemonde,mediapart,2016,0,757,40
lemonde,mediapart,2016,1,266,25
lemonde,mediapart,2016,2,201,28
lemonde,mediapart,2016,3,145,25
lemonde,mediapart,2017,0,744,52
lemonde,mediapart,2017,1,332,31
lemonde,mediapart,2017,2,244,27
lemonde,mediapart,2017,3,209,47
lemonde,mediapart,2018,0,809,41
lemonde,mediapart,2018,1,308,33
lemonde,mediapart,2018,2,244,15
lemonde,mediapart,2018,3,174,13
lemonde,mediapart,2019,0,842,63
lemonde,mediapart,2019,1,362,26
lemonde,mediapart,2019,2,233,24
lemonde,mediapart,2019,3,230,18
lemonde,mediapart,2020,0,822,61
lemonde,mediapart,2020,1,302,30
lemonde,mediapart,2020,2,241,34
lemonde,mediapart,2020,3,151,26
lemonde,mediapart,2021,0,735,64
lemonde,mediapart,2021,1,288,18
lemonde,mediapart,2021,2,162,28
lemonde,mediapart,2021,3,115,14
lemonde,mediapart,2022,0,1386,53
lemonde,mediapart,2022,1,562,31
lemonde,mediapart,2022,2,453,31
lemonde,mediapart,2022,3,318,27
lemonde,mediapart,2023,0,684,72
lemonde,mediapart,2023,1,239,25
lemonde,mediapart,2023,2,159,15
lemonde,mediapart,2023,3,69,10
lemonde,mediapart,2024,0,650,57
lemonde,mediapart,2024,1,216,23
lemonde,mediapart,2024,2,160,22
lemonde,mediapart,2024,3,128,31
lemonde,mediapart,2025,0,619,29
lemonde,mediapart,2025,1,234,22
lemonde,mediapart,2025,2,150,26
lemonde,mediapart,2025,3,91,11
lefigaro,lemonde,2004,0,13,4
lefigaro,lemonde,2004,1,7,1
lefigaro,lemonde,2004,2,15,2
lefigaro,lemonde,2004,3,6,2
lefigaro,lemonde,2005,0,130,18
lefigaro,lemonde,2005,1,57,6
lefigaro,lemonde,2005,2,78,8
lefigaro,lemonde,2005,3,89,5
lefigaro,lemonde,2006,0,1457,198
lefigaro,lemonde,2006,1,675,126
lefigaro,lemonde,2006,2,492,126
lefigaro,lemonde,2006,3,296,103
lefigaro,lemonde,2007,0,1772,166
lefigaro,lemonde,2007,1,727,98
lefigaro,lemonde,2007,2,546,106
lefigaro,lemonde,2007,3,350,85
lefigaro,lemonde,2008,0,1688,197
lefigaro,lemonde,2008,1,687,118
lefigaro,lemonde,2008,2,460,81
lefigaro,lemonde,2008,3,284,90
lefigaro,lemonde,2009,0,1412,173
lefigaro,lemonde,2009,1,569,105
lefigaro,lemonde,2009,2,380,86
lefigaro,lemonde,2009,3,304,69
lefigaro,lemonde,2010,0,988,196
lefigaro,lemonde,2010,1,363,92
lefigaro,lemonde,2010,2,263,87
lefigaro,lemonde,2010,3,242,69
lefigaro,lemonde,2011,0,969,191
lefigaro,lemonde,2011,1,407,109
lefigaro,lemonde,2011,2,330,121
lefigaro,lemonde,2011,3,240,111
lefigaro,lemonde,2012,0,948,182
lefigaro,lemonde,2012,1,367,114
lefigaro,lemonde,2012,2,247,106
lefigaro,lemonde,2012,3,168,79
lefigaro,lemonde,2013,0,848,174
lefigaro,lemonde,2013,1,324,95
lefigaro,lemonde,2013,2,177,81
lefigaro,lemonde,2013,3,113,66
lefigaro,lemonde,2014,0,686,172
lefigaro,lemonde,2014,1,271,87
lefigaro,lemonde,2014,2,217,100
lefigaro,lemonde,2014,3,126,65
lefigaro,lemonde,2015,0,763,187
lefigaro,lemonde,2015,1,326,115
lefigaro,lemonde,2015,2,250,129
lefigaro,lemonde,2015,3,192,106
lefigaro,lemonde,2016,0,742,170
lefigaro,lemonde,2016,1,293,107
lefigaro,lemonde,2016,2,207,102
lefigaro,lemonde,2016,3,160,103
lefigaro,lemonde,2017,0,824,170
lefigaro,lemonde,2017,1,304,103
lefigaro,lemonde,2017,2,198,89
lefigaro,lemonde,2017,3,145,83
lefigaro,lemonde,2018,0,755,154
lefigaro,lemonde,2018,1,279,75
lefigaro,lemonde,2018,2,185,81
lefigaro,lemonde,2018,3,147,76
lefigaro,lemonde,2019,0,712,131
lefigaro,lemonde,2019,1,262,73
lefigaro,lemonde,2019,2,206,66
lefigaro,lemonde,2019,3,187,73
lefigaro,lemonde,2020,0,810,200
lefigaro,lemonde,2020,1,303,78
lefigaro,lemonde,2020,2,225,87
lefigaro,lemonde,2020,3,136,72
lefigaro,lemonde,2021,0,637,139
lefigaro,lemonde,2021,1,214,55
lefigaro,lemonde,2021,2,134,46
lefigaro,lemonde,2021,3,115,38
lefigaro,lemonde,2022,0,643,148
lefigaro,lemonde,2022,1,254,87
lefigaro,lemonde,2022,2,147,59
lefigaro,lemonde,2022,3,122,49
lefigaro,lemonde,2023,0,648,117
lefigaro,lemonde,2023,1,233,46
lefigaro,lemonde,2023,2,171,46
lefigaro,lemonde,2023,3,110,25
lefigaro,lemonde,2024,0,93,16
lefigaro,lemonde,2024,1,32,6
lefigaro,lemonde,2024,2,33,9
lefigaro,lemonde,2024,3,15,3
lefigaro,ouestfrance,2004,0,14,0
lefigaro,ouestfrance,2004,1,7,0
lefigaro,ouestfrance,2004,2,16,0
lefigaro,ouestfrance,2004,3,11,0
lefigaro,ouestfrance,2005,0,121,0
lefigaro,ouestfrance,2005,1,51,0
lefigaro,ouestfrance,2005,2,75,0
lefigaro,ouestfrance,2005,3,90,0
lefigaro,ouestfrance,2006,0,1270,0
lefigaro,ouestfrance,2006,1,582,0
lefigaro,ouestfrance,2006,2,407,0
lefigaro,ouestfrance,2006,3,261,0
lefigaro,ouestfrance,2007,0,1663,9
lefigaro,ouestfrance,2007,1,725,4
lefigaro,ouestfrance,2007,2,539,5
lefigaro,ouestfrance,2007,3,332,1
lefigaro,ouestfrance,2008,0,1715,172
lefigaro,ouestfrance,2008,1,692,99
lefigaro,ouestfrance,2008,2,470,77
lefigaro,ouestfrance,2008,3,289,76
lefigaro,ouestfrance,2009,0,1376,297
lefigaro,ouestfrance,2009,1,584,128
lefigaro,ouestfrance,2009,2,387,104
lefigaro,ouestfrance,2009,3,313,76
lefigaro,ouestfrance,2010,0,964,207
lefigaro,ouestfrance,2010,1,346,97
lefigaro,ouestfrance,2010,2,267,64
lefigaro,ouestfrance,2010,3,240,73
lefigaro,ouestfrance,2011,0,898,209
lefigaro,ouestfrance,2011,1,364,109
lefigaro,ouestfrance,2011,2,300,99
lefigaro,ouestfrance,2011,3,222,102
lefigaro,ouestfrance,2012,0,919,154
lefigaro,ouestfrance,2012,1,353,81
lefigaro,ouestfrance,2012,2,235,60
lefigaro,ouestfrance,2012,3,165,54
lefigaro,ouestfrance,2013,0,788,68
lefigaro,ouestfrance,2013,1,323,41
lefigaro,ouestfrance,2013,2,178,37
lefigaro,ouestfrance,2013,3,110,26
lefigaro,ouestfrance,2014,0,628,89
lefigaro,ouestfrance,2014,1,244,42
lefigaro,ouestfrance,2014,2,194,41
lefigaro,ouestfrance,2014,3,119,38
lefigaro,ouestfrance,2015,0,688,97
lefigaro,ouestfrance,2015,1,292,64
lefigaro,ouestfrance,2015,2,217,68
lefigaro,ouestfrance,2015,3,170,58
lefigaro,ouestfrance,2016,0,666,88
lefigaro,ouestfrance,2016,1,276,49
lefigaro,ouestfrance,2016,2,189,55
lefigaro,ouestfrance,2016,3,152,67
lefigaro,ouestfrance,2017,0,775,91
lefigaro,ouestfrance,2017,1,270,63
lefigaro,ouestfrance,2017,2,187,58
lefigaro,ouestfrance,2017,3,145,59
lefigaro,ouestfrance,2018,0,728,117
lefigaro,ouestfrance,2018,1,267,56
lefigaro,ouestfrance,2018,2,179,52
lefigaro,ouestfrance,2018,3,137,46
lefigaro,ouestfrance,2019,0,658,105
lefigaro,ouestfrance,2019,1,240,57
lefigaro,ouestfrance,2019,2,190,60
lefigaro,ouestfrance,2019,3,169,59
lefigaro,ouestfrance,2020,0,745,205
lefigaro,ouestfrance,2020,1,290,100
lefigaro,ouestfrance,2020,2,226,87
lefigaro,ouestfrance,2020,3,135,54
lefigaro,ouestfrance,2021,0,613,121
lefigaro,ouestfrance,2021,1,213,45
lefigaro,ouestfrance,2021,2,133,47
lefigaro,ouestfrance,2021,3,116,41
lefigaro,ouestfrance,2022,0,605,123
lefigaro,ouestfrance,2022,1,229,55
lefigaro,ouestfrance,2022,2,134,45
lefigaro,ouestfrance,2022,3,116,46
lefigaro,ouestfrance,2023,0,605,84
lefigaro,ouestfrance,2023,1,217,51
lefigaro,ouestfrance,2023,2,169,41
lefigaro,ouestfrance,2023,3,105,16
lefigaro,ouestfrance,2024,0,90,19
lefigaro,ouestfrance,2024,1,32,6
lefigaro,ouestfrance,2024,2,26,12
lefigaro,ouestfrance,2024,3,14,4
lefigaro,mediapart,2008,0,1317,57
lefigaro,mediapart,2008,1,530,22
lefigaro,mediapart,2008,2,360,19
lefigaro,mediapart,2008,3,219,14
lefigaro,mediapart,2009,0,1345,58
lefigaro,mediapart,2009,1,534,27
lefigaro,mediapart,2009,2,360,21
lefigaro,mediapart,2009,3,296,20
lefigaro,mediapart,2010,0,925,33
lefigaro,mediapart,2010,1,346,31
lefigaro,mediapart,2010,2,247,21
lefigaro,mediapart,2010,3,222,20
lefigaro,mediapart,2011,0,912,61
lefigaro,mediapart,2011,1,390,27
lefigaro,mediapart,2011,2,320,30
lefigaro,mediapart,2011,3,235,39
lefigaro,mediapart,2012,0,900,45
lefigaro,mediapart,2012,1,345,38
lefigaro,mediapart,2012,2,224,29
lefigaro,mediapart,2012,3,164,23
lefigaro,mediapart,2013,0,807,47
lefigaro,mediapart,2013,1,313,23
lefigaro,mediapart,2013,2,163,16
lefigaro,mediapart,2013,3,111,17
lefigaro,mediapart,2014,0,670,64
lefigaro,mediapart,2014,1,264,30
lefigaro,mediapart,2014,2,211,35
lefigaro,mediapart,2014,3,123,27
lefigaro,mediapart,2015,0,740,51
lefigaro,mediapart,2015,1,310,30
lefigaro,mediapart,2015,2,243,31
lefigaro,mediapart,2015,3,183,35
lefigaro,mediapart,2016,0,726,50
lefigaro,mediapart,2016,1,282,22
lefigaro,mediapart,2016,2,191,29
lefigaro,mediapart,2016,3,161,23
lefigaro,mediapart,2017,0,786,53
lefigaro,mediapart,2017,1,297,25
lefigaro,mediapart,2017,2,197,27
lefigaro,mediapart,2017,3,143,30
lefigaro,mediapart,2018,0,702,52
lefigaro,mediapart,2018,1,276,23
lefigaro,mediapart,2018,2,180,31
lefigaro,mediapart,2018,3,134,29
lefigaro,mediapart,2019,0,672,41
lefigaro,mediapart,2019,1,256,25
lefigaro,mediapart,2019,2,202,27
lefigaro,mediapart,2019,3,170,27
lefigaro,mediapart,2020,0,790,77
lefigaro,mediapart,2020,1,295,29
lefigaro,mediapart,2020,2,224,34
lefigaro,mediapart,2020,3,129,29
lefigaro,mediapart,2021,0,609,51
lefigaro,mediapart,2021,1,215,14
lefigaro,mediapart,2021,2,125,11
lefigaro,mediapart,2021,3,104,11
lefigaro,mediapart,2022,0,616,40
lefigaro,mediapart,2022,1,244,30
lefigaro,mediapart,2022,2,141,23
lefigaro,mediapart,2022,3,113,21
lefigaro,mediapart,2023,0,623,48
lefigaro,mediapart,2023,1,227,18
lefigaro,mediapart,2023,2,161,16
lefigaro,mediapart,2023,3,101,10
lefigaro,mediapart,2024,0,87,7
lefigaro,mediapart,2024,1,32,5
lefigaro,mediapart,2024,2,27,4
lefigaro,mediapart,2024,3,16,2
ouestfrance,lemonde,2001,0,1,0
ouestfrance,lemonde,2001,2,1,1
ouestfrance,lemonde,2003,0,8,0
ouestfrance,lemonde,2003,1,3,0
ouestfrance,lemonde,2003,2,4,1
ouestfrance,lemonde,2003,3,5,0
ouestfrance,lemonde,2004,0,2,0
ouestfrance,lemonde,2004,1,4,0
ouestfrance,lemonde,2004,3,1,0
ouestfrance,lemonde,2005,0,3,0
ouestfrance,lemonde,2005,1,1,1
ouestfrance,lemonde,2005,3,1,0
ouestfrance,lemonde,2006,0,4,0
ouestfrance,lemonde,2006,1,3,0
ouestfrance,lemonde,2006,2,2,1
ouestfrance,lemonde,2006,3,1,0
ouestfrance,lemonde,2007,0,135,3
ouestfrance,lemonde,2007,1,66,2
ouestfrance,lemonde,2007,2,72,2
ouestfrance,lemonde,2007,3,125,2
ouestfrance,lemonde,2008,0,903,85
ouestfrance,lemonde,2008,1,531,53
ouestfrance,lemonde,2008,2,607,82
ouestfrance,lemonde,2008,3,963,160
ouestfrance,lemonde,2009,0,1817,87
ouestfrance,lemonde,2009,1,1000,67
ouestfrance,lemonde,2009,2,891,61
ouestfrance,lemonde,2009,3,706,74
ouestfrance,lemonde,2010,0,1352,116
ouestfrance,lemonde,2010,1,626,73
ouestfrance,lemonde,2010,2,605,81
ouestfrance,lemonde,2010,3,668,121
ouestfrance,lemonde,2011,0,1376,154
ouestfrance,lemonde,2011,1,697,96
ouestfrance,lemonde,2011,2,577,89
ouestfrance,lemonde,2011,3,638,156
ouestfrance,lemonde,2012,0,1099,95
ouestfrance,lemonde,2012,1,451,62
ouestfrance,lemonde,2012,2,383,56
ouestfrance,lemonde,2012,3,398,116
ouestfrance,lemonde,2013,0,877,45
ouestfrance,lemonde,2013,1,343,25
ouestfrance,lemonde,2013,2,234,20
ouestfrance,lemonde,2013,3,270,27
ouestfrance,lemonde,2014,0,801,44
ouestfrance,lemonde,2014,1,344,32
ouestfrance,lemonde,2014,2,257,43
ouestfrance,lemonde,2014,3,395,68
ouestfrance,lemonde,2015,0,641,65
ouestfrance,lemonde,2015,1,299,46
ouestfrance,lemonde,2015,2,207,45
ouestfrance,lemonde,2015,3,272,93
ouestfrance,lemonde,2016,0,544,79
ouestfrance,lemonde,2016,1,214,37
ouestfrance,lemonde,2016,2,159,36
ouestfrance,lemonde,2016,3,187,60
ouestfrance,lemonde,2017,0,549,75
ouestfrance,lemonde,2017,1,217,30
ouestfrance,lemonde,2017,2,181,45
ouestfrance,lemonde,2017,3,236,103
ouestfrance,lemonde,2018,0,623,80
ouestfrance,lemonde,2018,1,232,25
ouestfrance,lemonde,2018,2,189,44
ouestfrance,lemonde,2018,3,205,61
ouestfrance,lemonde,2019,0,564,69
ouestfrance,lemonde,2019,1,233,46
ouestfrance,lemonde,2019,2,184,39
ouestfrance,lemonde,2019,3,248,68
ouestfrance,lemonde,2020,0,880,137
ouestfrance,lemonde,2020,1,450,63
ouestfrance,lemonde,2020,2,543,93
ouestfrance,lemonde,2020,3,646,130
ouestfrance,lemonde,2021,0,571,71
ouestfrance,lemonde,2021,1,253,47
ouestfrance,lemonde,2021,2,192,50
ouestfrance,lemonde,2021,3,234,67
ouestfrance,lemonde,2022,0,576,86
ouestfrance,lemonde,2022,1,245,53
ouestfrance,lemonde,2022,2,199,58
ouestfrance,lemonde,2022,3,284,125
ouestfrance,lemonde,2023,0,548,64
ouestfrance,lemonde,2023,1,282,49
ouestfrance,lemonde,2023,2,199,55
ouestfrance,lemonde,2023,3,236,71
ouestfrance,lemonde,2024,0,692,68
ouestfrance,lemonde,2024,1,316,56
ouestfrance,lemonde,2024,2,274,64
ouestfrance,lemonde,2024,3,364,136
ouestfrance,lemonde,2025,0,624,64
ouestfrance,lemonde,2025,1,247,43
ouestfrance,lemonde,2025,2,201,42
ouestfrance,lemonde,2025,3,182,52
ouestfrance,lefigaro,2004,0,2,0
ouestfrance,lefigaro,2005,0,4,0
ouestfrance,lefigaro,2005,1,1,0
ouestfrance,lefigaro,2005,3,1,0
ouestfrance,lefigaro,2006,0,4,0
ouestfrance,lefigaro,2006,1,3,0
ouestfrance,lefigaro,2006,2,2,0
ouestfrance,lefigaro,2006,3,1,0
ouestfrance,lefigaro,2007,0,135,15
ouestfrance,lefigaro,2007,1,69,5
ouestfrance,lefigaro,2007,2,76,5
ouestfrance,lefigaro,2007,3,131,5
ouestfrance,lefigaro,2008,0,956,129
ouestfrance,lefigaro,2008,1,560,75
ouestfrance,lefigaro,2008,2,661,106
ouestfrance,lefigaro,2008,3,1038,218
ouestfrance,lefigaro,2009,0,2051,212
ouestfrance,lefigaro,2009,1,1135,152
ouestfrance,lefigaro,2009,2,1061,159
ouestfrance,lefigaro,2009,3,864,183
ouestfrance,lefigaro,2010,0,1514,142
ouestfrance,lefigaro,2010,1,713,80
ouestfrance,lefigaro,2010,2,693,117
ouestfrance,lefigaro,2010,3,765,183
ouestfrance,lefigaro,2011,0,1511,159
ouestfrance,lefigaro,2011,1,780,116
ouestfrance,lefigaro,2011,2,647,132
ouestfrance,lefigaro,2011,3,711,199
ouestfrance,lefigaro,2012,0,1208,128
ouestfrance,lefigaro,2012,1,488,78
ouestfrance,lefigaro,2012,2,410,70
ouestfrance,lefigaro,2012,3,449,122
ouestfrance,lefigaro,2013,0,940,76
ouestfrance,lefigaro,2013,1,367,29
ouestfrance,lefigaro,2013,2,261,29
ouestfrance,lefigaro,2013,3,297,34
ouestfrance,lefigaro,2014,0,809,60
ouestfrance,lefigaro,2014,1,366,36
ouestfrance,lefigaro,2014,2,274,44
ouestfrance,lefigaro,2014,3,408,70
ouestfrance,lefigaro,2015,0,666,81
ouestfrance,lefigaro,2015,1,317,45
ouestfrance,lefigaro,2015,2,217,51
ouestfrance,lefigaro,2015,3,288,109
ouestfrance,lefigaro,2016,0,561,95
ouestfrance,lefigaro,2016,1,221,47
ouestfrance,lefigaro,2016,2,157,43
ouestfrance,lefigaro,2016,3,210,69
ouestfrance,lefigaro,2017,0,567,88
ouestfrance,lefigaro,2017,1,222,38
ouestfrance,lefigaro,2017,2,191,51
ouestfrance,lefigaro,2017,3,261,96
ouestfrance,lefigaro,2018,0,642,91
ouestfrance,lefigaro,2018,1,243,48
ouestfrance,lefigaro,2018,2,184,54
ouestfrance,lefigaro,2018,3,229,77
ouestfrance,lefigaro,2019,0,581,97
ouestfrance,lefigaro,2019,1,237,66
ouestfrance,lefigaro,2019,2,199,56
ouestfrance,lefigaro,2019,3,268,72
ouestfrance,lefigaro,2020,0,895,176
ouestfrance,lefigaro,2020,1,461,108
ouestfrance,lefigaro,2020,2,551,109
ouestfrance,lefigaro,2020,3,669,155
ouestfrance,lefigaro,2021,0,614,105
ouestfrance,lefigaro,2021,1,271,59
ouestfrance,lefigaro,2021,2,202,50
ouestfrance,lefigaro,2021,3,268,69
ouestfrance,lefigaro,2022,0,631,106
ouestfrance,lefigaro,2022,1,256,43
ouestfrance,lefigaro,2022,2,215,52
ouestfrance,lefigaro,2022,3,321,115
ouestfrance,lefigaro,2023,0,599,74
ouestfrance,lefigaro,2023,1,292,54
ouestfrance,lefigaro,2023,2,206,51
ouestfrance,lefigaro,2023,3,265,62
ouestfrance,lefigaro,2024,0,119,14
ouestfrance,lefigaro,2024,1,43,8
ouestfrance,lefigaro,2024,2,47,15
ouestfrance,lefigaro,2024,3,45,13
ouestfrance,mediapart,2008,0,645,26
ouestfrance,mediapart,2008,1,360,19
ouestfrance,mediapart,2008,2,386,9
ouestfrance,mediapart,2008,3,613,28
ouestfrance,mediapart,2009,0,1696,45
ouestfrance,mediapart,2009,1,936,24
ouestfrance,mediapart,2009,2,824,19
ouestfrance,mediapart,2009,3,627,19
ouestfrance,mediapart,2010,0,1252,34
ouestfrance,mediapart,2010,1,559,22
ouestfrance,mediapart,2010,2,542,26
ouestfrance,mediapart,2010,3,617,44
ouestfrance,mediapart,2011,0,1232,46
ouestfrance,mediapart,2011,1,624,29
ouestfrance,mediapart,2011,2,534,19
ouestfrance,mediapart,2011,3,576,58
ouestfrance,mediapart,2012,0,1016,37
ouestfrance,mediapart,2012,1,408,11
ouestfrance,mediapart,2012,2,344,21
ouestfrance,mediapart,2012,3,386,37
ouestfrance,mediapart,2013,0,785,17
ouestfrance,mediapart,2013,1,317,5
ouestfrance,mediapart,2013,2,212,2
ouestfrance,mediapart,2013,3,274,9
ouestfrance,mediapart,2014,0,729,19
ouestfrance,mediapart,2014,1,328,15
ouestfrance,mediapart,2014,2,257,24
ouestfrance,mediapart,2014,3,386,30
ouestfrance,mediapart,2015,0,606,23
ouestfrance,mediapart,2015,1,273,12
ouestfrance,mediapart,2015,2,200,19
ouestfrance,mediapart,2015,3,272,37
ouestfrance,mediapart,2016,0,488,23
ouestfrance,mediapart,2016,1,200,11
ouestfrance,mediapart,2016,2,153,14
ouestfrance,mediapart,2016,3,194,24
ouestfrance,mediapart,2017,0,517,29
ouestfrance,mediapart,2017,1,202,14
ouestfrance,mediapart,2017,2,180,18
ouestfrance,mediapart,2017,3,244,51
ouestfrance,mediapart,2018,0,576,29
ouestfrance,mediapart,2018,1,215,9
ouestfrance,mediapart,2018,2,172,15
ouestfrance,mediapart,2018,3,213,16
ouestfrance,mediapart,2019,0,542,33
ouestfrance,mediapart,2019,1,218,21
ouestfrance,mediapart,2019,2,183,12
ouestfrance,mediapart,2019,3,252,25
ouestfrance,mediapart,2020,0,856,58
ouestfrance,mediapart,2020,1,443,24
ouestfrance,mediapart,2020,2,531,42
ouestfrance,mediapart,2020,3,640,66
ouestfrance,mediapart,2021,0,544,25
ouestfrance,mediapart,2021,1,248,15
ouestfrance,mediapart,2021,2,179,13
ouestfrance,mediapart,2021,3,239,27
ouestfrance,mediapart,2022,0,553,33
ouestfrance,mediapart,2022,1,229,17
ouestfrance,mediapart,2022,2,201,17
ouestfrance,mediapart,2022,3,294,42
ouestfrance,mediapart,2023,0,514,28
ouestfrance,mediapart,2023,1,269,20
ouestfrance,mediapart,2023,2,173,17
ouestfrance,mediapart,2023,3,227,19
ouestfrance,mediapart,2024,0,640,22
ouestfrance,mediapart,2024,1,298,20
ouestfrance,mediapart,2024,2,266,27
ouestfrance,mediapart,2024,3,352,51
ouestfrance,mediapart,2025,0,580,24
ouestfrance,mediapart,2025,1,227,8
ouestfrance,mediapart,2025,2,183,14
ouestfrance,mediapart,2025,3,181,21
ouestfrance,mediapart,2026,0,503,29
ouestfrance,mediapart,2026,1,224,22
ouestfrance,mediapart,2026,2,229,15
ouestfrance,mediapart,2026,3,266,32
mediapart,lemonde,2008,0,561,68
mediapart,lemonde,2008,1,240,32
mediapart,lemonde,2008,2,156,21
mediapart,lemonde,2008,3,162,24
mediapart,lemonde,2009,0,686,44
mediapart,lemonde,2009,1,290,38
mediapart,lemonde,2009,2,197,28
mediapart,lemonde,2009,3,183,25
mediapart,lemonde,2010,0,659,78
mediapart,lemonde,2010,1,255,25
mediapart,lemonde,2010,2,192,28
mediapart,lemonde,2010,3,186,34
mediapart,lemonde,2011,0,756,58
mediapart,lemonde,2011,1,312,42
mediapart,lemonde,2011,2,212,19
mediapart,lemonde,2011,3,220,37
mediapart,lemonde,2012,0,785,56
mediapart,lemonde,2012,1,342,33
mediapart,lemonde,2012,2,231,27
mediapart,lemonde,2012,3,222,34
mediapart,lemonde,2013,0,802,57
mediapart,lemonde,2013,1,339,29
mediapart,lemonde,2013,2,239,16
mediapart,lemonde,2013,3,254,18
mediapart,lemonde,2014,0,807,70
mediapart,lemonde,2014,1,353,34
mediapart,lemonde,2014,2,249,25
mediapart,lemonde,2014,3,232,19
mediapart,lemonde,2015,0,831,76
mediapart,lemonde,2015,1,364,23
mediapart,lemonde,2015,2,250,20
mediapart,lemonde,2015,3,230,24
mediapart,lemonde,2016,0,812,55
mediapart,lemonde,2016,1,336,24
mediapart,lemonde,2016,2,201,16
mediapart,lemonde,2016,3,207,16
mediapart,lemonde,2017,0,825,72
mediapart,lemonde,2017,1,338,35
mediapart,lemonde,2017,2,218,27
mediapart,lemonde,2017,3,215,23
mediapart,lemonde,2018,0,629,51
mediapart,lemonde,2018,1,225,18
mediapart,lemonde,2018,2,159,18
mediapart,lemonde,2018,3,185,19
mediapart,lemonde,2019,0,656,55
mediapart,lemonde,2019,1,218,28
mediapart,lemonde,2019,2,160,20
mediapart,lemonde,2019,3,177,19
mediapart,lemonde,2020,0,695,78
mediapart,lemonde,2020,1,289,36
mediapart,lemonde,2020,2,156,16
mediapart,lemonde,2020,3,148,23
mediapart,lemonde,2021,0,572,41
mediapart,lemonde,2021,1,186,22
mediapart,lemonde,2021,2,125,17
mediapart,lemonde,2021,3,161,18
mediapart,lemonde,2022,0,526,65
mediapart,lemonde,2022,1,194,27
mediapart,lemonde,2022,2,105,17
mediapart,lemonde,2022,3,152,15
mediapart,lemonde,2023,0,556,58
mediapart,lemonde,2023,1,202,16
mediapart,lemonde,2023,2,93,8
mediapart,lemonde,2023,3,161,12
mediapart,lemonde,2024,0,428,62
mediapart,lemonde,2024,1,133,20
mediapart,lemonde,2024,2,80,16
mediapart,lemonde,2024,3,126,5
mediapart,lemonde,2025,0,424,46
mediapart,lemonde,2025,1,133,16
mediapart,lemonde,2025,2,103,11
mediapart,lemonde,2025,3,120,10
mediapart,lefigaro,2008,0,548,41
mediapart,lefigaro,2008,1,237,21
mediapart,lefigaro,2008,2,159,27
mediapart,lefigaro,2008,3,165,16
mediapart,lefigaro,2009,0,677,44
mediapart,lefigaro,2009,1,296,31
mediapart,lefigaro,2009,2,205,29
mediapart,lefigaro,2009,3,185,23
mediapart,lefigaro,2010,0,648,57
mediapart,lefigaro,2010,1,255,14
mediapart,lefigaro,2010,2,199,23
mediapart,lefigaro,2010,3,194,24
mediapart,lefigaro,2011,0,763,66
mediapart,lefigaro,2011,1,308,25
mediapart,lefigaro,2011,2,216,22
mediapart,lefigaro,2011,3,223,24
mediapart,lefigaro,2012,0,784,50
mediapart,lefigaro,2012,1,343,37
mediapart,lefigaro,2012,2,230,21
mediapart,lefigaro,2012,3,221,28
mediapart,lefigaro,2013,0,808,50
mediapart,lefigaro,2013,1,334,26
mediapart,lefigaro,2013,2,245,21
mediapart,lefigaro,2013,3,260,24
mediapart,lefigaro,2014,0,822,75
mediapart,lefigaro,2014,1,356,31
mediapart,lefigaro,2014,2,246,30
mediapart,lefigaro,2014,3,230,21
mediapart,lefigaro,2015,0,826,69
mediapart,lefigaro,2015,1,367,25
mediapart,lefigaro,2015,2,253,18
mediapart,lefigaro,2015,3,233,21
mediapart,lefigaro,2016,0,820,50
mediapart,lefigaro,2016,1,335,19
mediapart,lefigaro,2016,2,205,13
mediapart,lefigaro,2016,3,219,15
mediapart,lefigaro,2017,0,836,62
mediapart,lefigaro,2017,1,347,31
mediapart,lefigaro,2017,2,225,22
mediapart,lefigaro,2017,3,219,30
mediapart,lefigaro,2018,0,633,46
mediapart,lefigaro,2018,1,233,24
mediapart,lefigaro,2018,2,165,11
mediapart,lefigaro,2018,3,191,16
mediapart,lefigaro,2019,0,663,62
mediapart,lefigaro,2019,1,228,21
mediapart,lefigaro,2019,2,166,18
mediapart,lefigaro,2019,3,181,15
mediapart,lefigaro,2020,0,701,72
mediapart,lefigaro,2020,1,299,32
mediapart,lefigaro,2020,2,161,24
mediapart,lefigaro,2020,3,154,20
mediapart,lefigaro,2021,0,589,39
mediapart,lefigaro,2021,1,183,15
mediapart,lefigaro,2021,2,130,5
mediapart,lefigaro,2021,3,167,14
mediapart,lefigaro,2022,0,521,44
mediapart,lefigaro,2022,1,193,25
mediapart,lefigaro,2022,2,101,10
mediapart,lefigaro,2022,3,153,11
mediapart,lefigaro,2023,0,550,35
mediapart,lefigaro,2023,1,198,9
mediapart,lefigaro,2023,2,96,14
mediapart,lefigaro,2023,3,163,9
mediapart,lefigaro,2024,0,78,4
mediapart,lefigaro,2024,1,24,2
mediapart,lefigaro,2024,2,12,4
mediapart,lefigaro,2024,3,22,1
mediapart,ouestfrance,2008,0,492,34
mediapart,ouestfrance,2008,1,209,17
mediapart,ouestfrance,2008,2,141,18
mediapart,ouestfrance,2008,3,140,7
mediapart,ouestfrance,2009,0,592,69
mediapart,ouestfrance,2009,1,262,19
mediapart,ouestfrance,2009,2,179,10
mediapart,ouestfrance,2009,3,161,18
mediapart,ouestfrance,2010,0,589,58
mediapart,ouestfrance,2010,1,234,18
mediapart,ouestfrance,2010,2,178,20
mediapart,ouestfrance,2010,3,171,23
mediapart,ouestfrance,2011,0,673,62
mediapart,ouestfrance,2011,1,271,32
mediapart,ouestfrance,2011,2,189,16
mediapart,ouestfrance,2011,3,191,25
mediapart,ouestfrance,2012,0,691,38
mediapart,ouestfrance,2012,1,312,27
mediapart,ouestfrance,2012,2,214,13
mediapart,ouestfrance,2012,3,193,18
mediapart,ouestfrance,2013,0,691,21
mediapart,ouestfrance,2013,1,300,14
mediapart,ouestfrance,2013,2,224,11
mediapart,ouestfrance,2013,3,227,12
mediapart,ouestfrance,2014,0,717,42
mediapart,ouestfrance,2014,1,327,22
mediapart,ouestfrance,2014,2,230,17
mediapart,ouestfrance,2014,3,203,9
mediapart,ouestfrance,2015,0,725,40
mediapart,ouestfrance,2015,1,313,14
mediapart,ouestfrance,2015,2,236,11
mediapart,ouestfrance,2015,3,209,10
mediapart,ouestfrance,2016,0,740,35
mediapart,ouestfrance,2016,1,299,11
mediapart,ouestfrance,2016,2,178,11
mediapart,ouestfrance,2016,3,197,17
mediapart,ouestfrance,2017,0,735,45
mediapart,ouestfrance,2017,1,298,27
mediapart,ouestfrance,2017,2,198,16
mediapart,ouestfrance,2017,3,194,13
mediapart,ouestfrance,2018,0,544,28
mediapart,ouestfrance,2018,1,199,12
mediapart,ouestfrance,2018,2,145,5
mediapart,ouestfrance,2018,3,158,11
mediapart,ouestfrance,2019,0,562,38
mediapart,ouestfrance,2019,1,195,12
mediapart,ouestfrance,2019,2,139,9
mediapart,ouestfrance,2019,3,154,16
mediapart,ouestfrance,2020,0,632,66
mediapart,ouestfrance,2020,1,280,33
mediapart,ouestfrance,2020,2,145,19
mediapart,ouestfrance,2020,3,132,13
mediapart,ouestfrance,2021,0,524,26
mediapart,ouestfrance,2021,1,175,12
mediapart,ouestfrance,2021,2,111,10
mediapart,ouestfrance,2021,3,138,12
mediapart,ouestfrance,2022,0,460,41
mediapart,ouestfrance,2022,1,176,14
mediapart,ouestfrance,2022,2,94,12
mediapart,ouestfrance,2022,3,140,10
mediapart,ouestfrance,2023,0,496,29
mediapart,ouestfrance,2023,1,184,9
mediapart,ouestfrance,2023,2,87,7
mediapart,ouestfrance,2023,3,144,10
mediapart,ouestfrance,2024,0,387,47
mediapart,ouestfrance,2024,1,130,10
mediapart,ouestfrance,2024,2,76,13
mediapart,ouestfrance,2024,3,114,6
mediapart,ouestfrance,2025,0,365,20
mediapart,ouestfrance,2025,1,120,12
mediapart,ouestfrance,2025,2,101,12
mediapart,ouestfrance,2025,3,110,7
mediapart,ouestfrance,2026,0,320,34
mediapart,ouestfrance,2026,1,93,8
mediapart,ouestfrance,2026,2,63,7
mediapart,ouestfrance,2026,3,61,2
