date,X_t,N_t
20200101,0,26668
20200102,0,66204
20200103,0,93099
20200104,0,49884
20200105,0,43700
20200106,0,77899
20200107,1,78563
20200108,0,82428
20200109,1,79455
20200110,1,100086
20200111,1,75768
20200112,0,38982
20200113,1,84791
20200114,0,87628
20200115,0,92833
20200116,2,91517
20200117,1,129488
20200118,0,68453
20200119,0,53568
20200120,0,80079
20200121,1,85301
20200122,0,104620
20200123,0,91935
20200124,4,111243
20200125,0,55023
20200126,0,44897
20200127,0,90434
20200128,0,85800
20200129,0,108459
20200130,0,96613
20200131,3,124767
20200201,0,72043
20200202,0,42183
20200203,0,94087
20200204,0,90583
20200205,0,95477
20200206,0,102401
20200207,1,130832
20200208,0,64272
20200209,0,36161
20200210,0,92799
20200211,1,85735
20200212,4,87679
20200213,1,93362
20200214,0,110756
20200215,0,68177
20200216,0,48704
20200217,1,77192
20200218,0,84210
20200219,2,94273
20200220,0,93264
20200221,1,105260
20200222,0,63396
20200223,0,49364
20200224,0,88558
20200225,0,95654
20200226,0,99257
20200227,1,95505
20200228,0,120094
20200229,0,72305
20200301,0,54642
20200302,0,100412
20200303,1,90734
20200304,0,108573
20200305,0,88745
20200306,0,116203
20200307,0,67148
20200308,0,37348
20200309,0,98036
20200310,3,99096
20200311,0,108070
20200312,1,106608
20200313,1,144335
20200314,0,84223
20200315,0,39984
20200316,0,98686
20200317,0,100856
20200318,0,102389
20200319,1,112929
20200320,0,126598
20200321,0,67376
20200322,0,47647
20200323,0,86841
20200324,0,106250
20200325,0,109284
20200326,0,87053
20200327,0,127301
20200328,0,54611
20200329,0,29980
20200330,1,95740
20200331,0,98680
20200401,0,105423
20200402,3,88773
20200403,0,131236
20200404,0,67440
20200405,0,49740
20200406,0,81127
20200407,0,96698
20200408,1,106491
20200409,0,74080
20200410,1,106019
20200411,0,52884
20200412,1,47670
20200413,0,54334
20200414,0,92364
20200415,0,89598
20200416,0,94513
20200417,0,105503
20200418,1,62868
20200419,0,40998
20200420,0,99162
20200421,0,90063
20200422,2,85877
20200423,0,84833
20200424,0,113147
20200425,1,56717
20200426,0,35565
20200427,0,92448
20200428,2,89886
20200429,0,96035
20200430,3,108619
20200501,0,56546
20200502,1,66677
20200503,0,43001
20200504,1,86868
20200505,1,96769
20200506,0,105026
20200507,2,79793
20200508,0,89113
20200509,2,61687
20200510,0,40765
20200511,0,80360
20200512,4,90608
20200513,2,86040
20200514,0,87828
20200515,1,122056
20200516,0,47024
20200517,0,45951
20200518,0,67624
20200519,0,92532
20200520,0,98979
20200521,0,56071
20200522,3,101605
20200523,0,57293
20200524,1,38932
20200525,0,72960
20200526,0,99481
20200527,0,89786
20200528,0,88857
20200529,0,112620
20200530,0,66944
20200531,0,38399
20200601,1,53653
20200602,0,112899
20200603,0,96662
20200604,0,97621
20200605,0,120449
20200606,1,64244
20200607,0,40824
20200608,1,74345
20200609,0,97566
20200610,1,95105
20200611,0,100289
20200612,4,119029
20200613,0,70689
20200614,0,44469
20200615,0,94611
20200616,2,100236
20200617,0,109017
20200618,0,93192
20200619,0,141971
20200620,0,69084
20200621,0,48052
20200622,2,97144
20200623,0,117776
20200624,0,89788
20200625,2,100917
20200626,0,124114
20200627,0,54497
20200628,0,42388
20200629,0,89314
20200630,0,101454
20200701,0,92682
20200702,0,91307
20200703,1,125618
20200704,0,63163
20200705,0,38302
20200706,2,100014
20200707,0,96281
20200708,0,91109
20200709,0,81774
20200710,0,116370
20200711,1,54725
20200712,0,36812
20200713,0,73812
20200714,0,44306
20200715,0,75402
20200716,1,87051
20200717,0,111006
20200718,0,52020
20200719,0,27811
20200720,0,66734
20200721,0,65125
20200722,0,89152
20200723,0,81747
20200724,2,98680
20200725,0,47394
20200726,0,33258
20200727,0,64495
20200728,0,74056
20200729,0,79946
20200730,0,83174
20200731,2,75368
20200801,0,56183
20200802,0,36161
20200803,0,63115
20200804,4,60027
20200805,1,61820
20200806,1,64540
20200807,0,96237
20200808,0,48286
20200809,0,31326
20200810,3,69031
20200811,1,66782
20200812,0,75282
20200813,0,69597
20200814,0,64494
20200815,0,30490
20200816,0,46284
20200817,1,63215
20200818,0,77930
20200819,0,78035
20200820,0,73503
20200821,0,82647
20200822,0,63658
20200823,0,31210
20200824,0,74187
20200825,0,72991
20200826,0,89442
20200827,0,82654
20200828,0,98722
20200829,0,62002
20200830,0,37585
20200831,0,90294
20200901,0,77770
20200902,3,101102
20200903,2,90194
20200904,1,128876
20200905,0,77492
20200906,0,49400
20200907,0,94255
20200908,0,89581
20200909,1,113113
20200910,2,91158
20200911,2,123733
20200912,3,61417
20200913,1,43939
20200914,0,95131
20200915,0,107665
20200916,2,113589
20200917,0,105077
20200918,0,112312
20200919,0,79357
20200920,0,51198
20200921,1,88960
20200922,1,94419
20200923,0,113508
20200924,0,116862
20200925,0,116744
20200926,1,87262
20200927,0,48312
20200928,1,90976
20200929,0,121978
20200930,0,114106
20201001,0,106542
20201002,0,132369
20201003,0,74783
20201004,0,47887
20201005,0,90274
20201006,0,117663
20201007,0,116063
20201008,0,103490
20201009,0,143809
20201010,0,69579
20201011,0,39409
20201012,0,89493
20201013,0,102720
20201014,0,103742
20201015,0,107842
20201016,0,134922
20201017,0,67668
20201018,0,57164
20201019,0,90162
20201020,0,87723
20201021,1,98542
20201022,0,102790
20201023,2,123698
20201024,0,67391
20201025,0,44255
20201026,0,101064
20201027,1,106174
20201028,0,95291
20201029,0,78858
20201030,0,116912
20201031,0,73236
20201101,0,53725
20201102,0,89223
20201103,0,93965
20201104,0,89759
20201105,0,101089
20201106,0,117086
20201107,0,67534
20201108,0,48859
20201109,0,108977
20201110,2,122878
20201111,0,67369
20201112,0,95135
20201113,0,130300
20201114,0,66838
20201115,0,44206
20201116,0,104574
20201117,0,109473
20201118,0,109011
20201119,0,109318
20201120,2,149114
20201121,0,65384
20201122,0,44392
20201123,3,101757
20201124,1,101112
20201125,2,100220
20201126,0,106533
20201127,0,122801
20201128,0,66513
20201129,0,43351
20201130,2,94748
20201201,0,91679
20201202,0,104061
20201203,0,106215
20201204,0,115845
20201205,0,76920
20201206,0,54508
20201207,1,90019
20201208,0,92301
20201209,2,110865
20201210,1,106407
20201211,1,137133
20201212,0,67079
20201213,0,49366
20201214,0,90844
20201215,3,92769
20201216,3,104986
20201217,0,116993
20201218,0,88186
20201219,0,59570
20201220,0,42443
20201221,1,92242
20201222,1,89441
20201223,0,84085
20201224,0,70233
20201225,0,38152
20201226,0,46380
20201227,0,29613
20201228,1,67194
20201229,1,61048
20201230,1,70535
20201231,0,80498
20210101,4,37745
20210102,0,54325
20210103,0,28483
20210104,0,75804
20210105,2,75306
20210106,0,90208
20210107,1,91422
20210108,1,109184
20210109,0,59742
20210110,0,41536
20210111,0,82096
20210112,1,83683
20210113,4,101521
20210114,0,99440
20210115,0,118807
20210116,0,77720
20210117,0,47657
20210118,0,87893
20210119,0,98818
20210120,0,117625
20210121,0,93962
20210122,2,127834
20210123,1,72990
20210124,1,46552
20210125,0,98848
20210126,1,95402
20210127,0,106901
20210128,1,105017
20210129,1,129771
20210130,0,63086
20210131,0,50447
20210201,1,86725
20210202,0,90906
20210203,0,101739
20210204,0,91128
20210205,1,141401
20210206,0,56646
20210207,0,39559
20210208,0,96789
20210209,0,99000
20210210,1,101876
20210211,0,106536
20210212,3,128996
20210213,0,58925
20210214,0,53789
20210215,0,83244
20210216,1,101640
20210217,0,99788
20210218,1,84058
20210219,0,123870
20210220,0,50288
20210221,0,41413
20210222,2,81624
20210223,0,93038
20210224,0,91163
20210225,1,96936
20210226,1,114839
20210227,0,56072
20210228,0,49756
20210301,1,87348
20210302,4,96427
20210303,1,96979
20210304,1,97619
20210305,0,121308
20210306,0,57562
20210307,0,49045
20210308,0,79723
20210309,0,94929
20210310,0,103210
20210311,1,125628
20210312,0,106769
20210313,0,61786
20210314,1,56209
20210315,2,102252
20210316,0,100775
20210317,0,107381
20210318,1,104039
20210319,0,125591
20210320,0,64639
20210321,1,59803
20210322,0,80319
20210323,0,104407
20210324,1,106792
20210325,0,103655
20210326,0,120487
20210327,2,66999
20210328,0,54530
20210329,0,89579
20210330,1,102446
20210331,1,103522
20210401,2,93376
20210402,3,114045
20210403,1,56628
20210404,0,44420
20210405,0,60865
20210406,0,104013
20210407,1,104029
20210408,1,110511
20210409,0,119376
20210410,0,59954
20210411,0,65051
20210412,1,86347
20210413,0,97268
20210414,0,100665
20210415,0,109113
20210416,2,113966
20210417,0,54380
20210418,0,48154
20210419,3,81376
20210420,0,85132
20210421,0,92479
20210422,1,96895
20210423,0,118089
20210424,3,56502
20210425,0,54525
20210426,1,96044
20210427,2,89965
20210428,5,97507
20210429,0,109515
20210430,0,113871
20210501,1,46679
20210502,0,51331
20210503,0,73257
20210504,0,103889
20210505,0,103129
20210506,0,106658
20210507,2,110919
20210508,0,46826
20210509,0,48686
20210510,0,91677
20210511,1,91247
20210512,2,100012
20210513,0,70316
20210514,2,123467
20210515,0,49756
20210516,0,49738
20210517,0,96690
20210518,0,99058
20210519,0,104294
20210520,0,103834
20210521,0,134014
20210522,0,60588
20210523,0,40416
20210524,0,65745
20210525,0,90550
20210526,1,115147
20210527,1,126191
20210528,0,110755
20210529,2,67906
20210530,1,50671
20210531,0,108966
20210601,0,99054
20210602,0,103196
20210603,0,114167
20210604,3,148444
20210605,0,67384
20210606,0,61089
20210607,0,98550
20210608,2,85143
20210609,0,97960
20210610,1,108331
20210611,0,116756
20210612,0,70939
20210613,0,68790
20210614,2,85584
20210615,0,99979
20210616,0,108317
20210617,2,97279
20210618,1,125090
20210619,1,65238
20210620,0,60654
20210621,0,84759
20210622,5,108235
20210623,1,109972
20210624,0,106320
20210625,1,135457
20210626,1,79059
20210627,0,63226
20210628,0,84229
20210629,5,106290
20210630,0,108599
20210701,1,118175
20210702,2,130678
20210703,2,72065
20210704,0,60528
20210705,0,82548
20210706,2,102773
20210707,2,108689
20210708,1,111299
20210709,0,117544
20210710,0,69381
20210711,0,51110
20210712,0,100180
20210713,0,76394
20210714,0,63372
20210715,0,75773
20210716,0,112509
20210717,0,49114
20210718,0,46257
20210719,0,71733
20210720,0,72146
20210721,0,85117
20210722,2,80812
20210723,0,91162
20210724,0,49408
20210725,0,37753
20210726,1,71456
20210727,0,87867
20210728,0,74980
20210729,0,77803
20210730,0,104990
20210731,1,59184
20210801,0,42086
20210802,0,57807
20210803,0,71675
20210804,1,84354
20210805,1,68861
20210806,0,93614
20210807,0,57487
20210808,0,32452
20210809,0,67349
20210810,0,69327
20210811,0,72804
20210812,4,62908
20210813,0,75451
20210814,0,54687
20210815,0,38570
20210816,0,57506
20210817,0,60939
20210818,0,65142
20210819,1,62668
20210820,2,87544
20210821,0,55505
20210822,0,39786
20210823,6,60519
20210824,0,74655
20210825,2,73284
20210826,0,77465
20210827,0,98687
20210828,4,71792
20210829,0,37331
20210830,4,70053
20210831,0,83913
20210901,4,86434
20210902,0,93217
20210903,0,119883
20210904,2,71805
20210905,0,68774
20210906,0,78762
20210907,1,95718
20210908,1,104423
20210909,1,91104
20210910,4,124877
20210911,0,67734
20210912,0,53192
20210913,0,78473
20210914,3,89542
20210915,0,85465
20210916,1,102553
20210917,0,125618
20210918,4,63654
20210919,0,55503
20210920,2,82092
20210921,1,93509
20210922,0,106407
20210923,5,102069
20210924,1,95487
20210925,1,71438
20210926,0,66869
20210927,0,75894
20210928,0,97264
20210929,0,114595
20210930,1,104310
20211001,1,109576
20211002,0,59997
20211003,0,79040
20211004,1,88928
20211005,1,114286
20211006,1,91333
20211007,0,104236
20211008,3,125467
20211009,0,54147
20211010,2,48774
20211011,0,76209
20211012,1,99741
20211013,1,94563
20211014,8,102749
20211015,0,111621
20211016,0,80740
20211017,0,56201
20211018,2,89935
20211019,4,101478
20211020,0,275924
20211021,21,95132
20211022,8,114249
20211023,0,50918
20211024,0,51085
20211025,4,94160
20211026,1,87184
20211027,3,101823
20211028,6,91729
20211029,5,88352
20211030,1,57437
20211031,1,53739
20211101,0,48770
20211102,0,79497
20211103,2,109914
20211104,5,96233
20211105,4,105507
20211106,0,70127
20211107,1,57020
20211108,1,87972
20211109,9,88531
20211110,3,84153
20211111,5,74739
20211112,0,100602
20211113,3,58062
20211114,0,54584
20211115,2,93539
20211116,4,98915
20211117,1,101407
20211118,3,109096
20211119,1,119562
20211120,0,71633
20211121,1,62104
20211122,6,88703
20211123,0,99955
20211124,2,106393
20211125,5,107661
20211126,0,121835
20211127,1,74755
20211128,2,52148
20211129,4,92107
20211130,7,104520
20211201,1,109057
20211202,3,105657
20211203,3,109279
20211204,0,69207
20211205,0,70324
20211206,0,79234
20211207,1,85639
20211208,0,110306
20211209,4,122307
20211210,2,138810
20211211,0,98039
20211212,0,63856
20211213,2,80920
20211214,2,90818
20211215,5,115249
20211216,6,112150
20211217,2,137684
20211218,1,73540
20211219,1,53264
20211220,2,87339
20211221,2,69854
20211222,5,102365
20211223,0,79532
20211224,1,58993
20211225,1,32640
20211226,0,48575
20211227,0,59770
20211228,0,72018
20211229,0,69561
20211230,1,68468
20211231,0,63024
20220101,0,81172
20220102,0,95110
20220103,1,89709
20220104,3,87733
20220105,1,89317
20220106,1,102723
20220107,3,106658
20220108,0,62052
20220109,0,57769
20220110,2,96000
20220111,3,95051
20220112,4,104574
20220113,5,99681
20220114,4,127047
20220115,0,76994
20220116,0,59711
20220117,1,87335
20220118,2,86961
20220119,1,106507
20220120,4,106188
20220121,2,116123
20220122,5,83757
20220123,1,55192
20220124,5,95651
20220125,12,110224
20220126,3,114426
20220127,12,131234
20220128,4,119234
20220129,0,73643
20220130,0,54946
20220131,2,88513
20220201,3,103186
20220202,2,118310
20220203,6,113006
20220204,0,109451
20220205,0,77042
20220206,0,63977
20220207,2,91714
20220208,0,104125
20220209,8,112529
20220210,5,106085
20220211,4,108990
20220212,1,84130
20220213,0,65063
20220214,2,99687
20220215,2,106003
20220216,0,121476
20220217,0,113334
20220218,1,204963
20220219,0,87169
20220220,0,86284
20220221,1,106868
20220222,5,397700
20220223,0,109723
20220224,4,99910
20220225,9,104641
20220226,1,85219
20220227,0,62855
20220228,1,91853
20220301,4,84088
20220302,2,116801
20220303,3,101643
20220304,2,121247
20220305,0,88274
20220306,0,61308
20220307,5,98984
20220308,2,111722
20220309,1,111501
20220310,7,121431
20220311,3,109158
20220312,3,93381
20220313,6,65265
20220314,3,104351
20220315,6,113355
20220316,4,108532
20220317,7,116817
20220318,6,124546
20220319,0,85876
20220320,0,68550
20220321,0,95096
20220322,6,101397
20220323,1,105924
20220324,1,112298
20220325,0,143310
20220326,2,74753
20220327,2,62880
20220328,2,99921
20220329,1,118504
20220330,3,103045
20220331,5,113886
20220401,9,138118
20220402,6,75699
20220403,2,67369
20220404,0,109426
20220405,1,116019
20220406,0,116147
20220407,2,116728
20220408,2,146296
20220409,2,72253
20220410,3,63400
20220411,0,97879
20220412,2,103682
20220413,4,111090
20220414,7,108466
20220415,3,111375
20220416,5,83182
20220417,3,62796
20220418,0,83445
20220419,5,100652
20220420,1,113649
20220421,1,111536
20220422,4,122431
20220423,0,56810
20220424,0,72919
20220425,1,78707
20220426,3,93780
20220427,2,114794
20220428,3,93980
20220429,5,94687
20220430,1,60060
20220501,1,44484
20220502,1,91210
20220503,4,88777
20220504,3,91296
20220505,6,89216
20220506,21,111962
20220507,1,81520
20220508,0,60719
20220509,13,83624
20220510,4,93265
20220511,2,118653
20220512,2,101180
20220513,0,111598
20220514,0,85225
20220515,0,64620
20220516,4,86590
20220517,2,99674
20220518,5,96924
20220519,2,103733
20220520,2,118465
20220521,0,95171
20220522,0,65809
20220523,3,96080
20220524,4,110578
20220525,6,96354
20220526,3,79434
20220527,4,96101
20220528,1,83352
20220529,0,59407
20220530,2,101866
20220531,5,94817
20220601,5,106616
20220602,2,105222
20220603,7,117198
20220604,2,68549
20220605,0,62745
20220606,1,68678
20220607,6,95515
20220608,3,108786
20220609,11,101268
20220610,3,124919
20220611,6,75379
20220612,2,64700
20220613,1,99110
20220614,0,97264
20220615,2,121986
20220616,7,108905
20220617,0,138414
20220618,3,93928
20220619,0,76156
20220620,1,95035
20220621,1,106234
20220622,5,108692
20220623,5,103739
20220624,12,122348
20220625,3,77634
20220626,6,54940
20220627,4,93988
20220628,1,98414
20220629,3,125281
20220630,6,106365
20220701,9,137973
20220702,2,77217
20220703,2,71073
20220704,2,102471
20220705,8,105500
20220706,10,102704
20220707,12,122127
20220708,5,119341
20220709,1,91102
20220710,3,68860
20220711,2,104203
20220712,11,118804
20220713,3,102626
20220714,5,92726
20220715,4,101598
20220716,1,69995
20220717,1,59785
20220718,7,83672
20220719,5,99091
20220720,2,93506
20220721,2,88713
20220722,5,88194
20220723,1,74043
20220724,0,54756
20220725,3,82541
20220726,2,93402
20220727,1,86195
20220728,5,88375
20220729,2,83082
20220730,5,56835
20220731,2,47102
20220801,0,258744
20220802,4,276896
20220803,4,310008
20220804,8,369716
20220805,4,314872
20220806,4,224944
20220807,20,198396
20220808,20,275120
20220809,4,284416
20220810,4,267360
20220811,8,287400
20220812,0,299464
20220813,8,249840
20220814,0,174536
20220815,0,202864
20220816,8,229116
20220817,8,291360
20220818,8,227952
20220819,8,286540
20220820,4,329768
20220821,0,110148
20220822,0,194706
20220823,6,204310
20220824,17,279166
20220825,3,116901
20220826,6,85218
20220827,1,69325
20220828,0,52578
20220829,3,76285
20220830,4,83194
20220831,8,101876
20220901,4,201660
20220902,24,208066
20220903,2,140278
20220904,0,131826
20220905,8,162568
20220906,12,177010
20220907,6,217354
20220908,16,254350
20220909,4,261430
20220910,0,143812
20220911,2,129408
20220912,14,182064
20220913,4,251458
20220914,8,200864
20220915,4,230844
20220916,0,233052
20220917,6,160098
20220918,4,132572
20220919,6,182862
20220920,2,182386
20220921,10,206634
20220922,2,228832
20220923,10,228502
20220924,18,157118
20220925,0,121202
20220926,0,216738
20220927,2,96389
20220928,4,108914
20220929,8,105425
20220930,0,106137
20221001,1,85586
20221002,2,67085
20221003,0,100756
20221004,1,107437
20221005,2,126977
20221006,0,106947
20221007,4,118571
20221008,0,75278
20221009,1,68774
20221010,3,86115
20221011,1,95566
20221012,6,121699
20221013,4,99644
20221014,5,116608
20221015,3,74299
20221016,2,63798
20221017,0,95576
20221018,2,103140
20221019,10,113028
20221020,10,120274
20221021,4,98990
20221022,0,77333
20221023,9,62998
20221024,4,91502
20221025,2,100159
20221026,5,106226
20221027,7,100016
20221028,5,105293
20221029,3,78058
20221030,0,55194
20221031,3,71574
20221101,2,46691
20221102,4,88126
20221103,2,93893
20221104,4,115940
20221105,1,75732
20221106,4,66223
20221107,3,93142
20221108,2,105485
20221109,3,112012
20221110,7,96518
20221111,5,96226
20221112,2,69904
20221113,1,62289
20221114,3,100857
20221115,1,100864
20221116,6,120309
20221117,1,118576
20221118,1,146863
20221119,3,87252
20221120,0,67741
20221121,3,100664
20221122,6,105425
20221123,3,131549
20221124,5,116757
20221125,6,118263
20221126,0,79508
20221127,1,73653
20221128,1,94157
20221129,0,115286
20221130,12,116038
20221201,7,98709
20221202,6,122226
20221203,1,93536
20221204,0,67020
20221205,2,97017
20221206,3,114742
20221207,1,119710
20221208,1,97403
20221209,3,122542
20221210,0,90045
20221211,1,75855
20221212,1,87364
20221213,6,118424
20221214,2,123501
20221215,5,111720
20221216,10,133372
20221217,4,92804
20221218,3,68042
20221219,6,96585
20221220,0,69261
20221221,4,78466
20221222,7,85404
20221223,3,76016
20221224,0,57480
20221225,0,32821
20221226,0,53495
20221227,4,61015
20221228,2,70246
20221229,1,71970
20221230,2,108719
20221231,1,49662
20230101,0,37450
20230102,1,64307
20230103,0,79235
20230104,7,88799
20230105,2,89201
20230106,2,104904
20230107,1,66532
20230108,0,57288
20230109,1,79206
20230110,3,92375
20230111,3,98407
20230112,5,87923
20230113,9,109060
20230114,3,72261
20230115,0,63578
20230116,3,79740
20230117,8,92888
20230118,2,113898
20230119,1,101854
20230120,2,107473
20230121,0,73693
20230122,0,68752
20230123,9,91736
20230124,1,91329
20230125,2,112338
20230126,1,105654
20230127,2,103072
20230128,2,60256
20230129,1,74913
20230130,1,76272
20230131,1,84766
20230201,1,100669
20230202,6,104716
20230203,2,111701
20230204,4,68604
20230205,0,59127
20230206,3,91620
20230207,3,82585
20230208,3,105869
20230209,3,89116
20230210,2,107660
20230211,0,78691
20230212,1,76192
20230213,3,81129
20230214,3,98994
20230215,4,103874
20230216,1,105308
20230217,3,119244
20230218,2,68214
20230219,2,59687
20230220,0,83694
20230221,3,87390
20230222,6,98550
20230223,2,98184
20230224,0,119216
20230225,3,67469
20230226,1,67098
20230227,3,86183
20230228,3,82830
20230301,1,95162
20230302,5,97709
20230303,2,104172
20230304,0,79648
20230305,3,65975
20230306,20,96872
20230307,1,69633
20230308,1,120159
20230309,13,109763
20230310,4,116993
20230311,1,81902
20230312,1,63261
20230313,3,88866
20230314,2,80832
20230315,4,112072
20230316,9,125232
20230317,1,114432
20230318,0,84715
20230319,2,77102
20230320,4,70926
20230321,1,102509
20230322,5,123427
20230323,3,97973
20230324,2,113197
20230325,1,76531
20230326,2,70774
20230327,2,92968
20230328,2,97404
20230329,5,98465
20230330,1,109753
20230331,5,121070
20230401,3,80963
20230402,0,67634
20230403,4,79538
20230404,2,85113
20230405,1,120967
20230406,5,99475
20230407,0,116671
20230408,0,72852
20230409,1,52963
20230410,2,68992
20230411,1,82726
20230412,3,97719
20230413,1,109091
20230414,4,115567
20230415,1,78254
20230416,1,71805
20230417,1,89858
20230418,4,88246
20230419,2,120590
20230420,6,101475
20230421,5,121705
20230422,2,69207
20230423,1,71562
20230424,4,94302
20230425,2,83352
20230426,4,107661
20230427,3,94403
20230428,6,114006
20230429,3,72038
20230430,1,57070
20230501,3,52640
20230502,1,76296
20230503,2,105597
20230504,5,92295
20230505,6,99723
20230506,1,64975
20230507,1,67161
20230508,1,65223
20230509,0,90418
20230510,3,105335
20230511,10,91880
20230512,5,126132
20230513,0,81174
20230514,0,66261
20230515,5,92233
20230516,4,88248
20230517,7,105360
20230518,0,86148
20230519,0,104439
20230520,1,76841
20230521,6,84236
20230522,0,90453
20230523,4,99715
20230524,8,116442
20230525,2,106010
20230526,4,116117
20230527,3,71183
20230528,0,90339
20230529,1,80525
20230530,6,83948
20230531,6,100991
20230601,5,116388
20230602,4,104811
20230603,3,73094
20230604,1,68312
20230605,0,90622
20230606,2,97007
20230607,7,113207
20230608,9,108492
20230609,3,115960
20230610,0,76352
20230611,0,65635
20230612,0,88209
20230613,3,94884
20230614,1,110497
20230615,4,115942
20230616,2,104359
20230617,1,88000
20230618,0,75343
20230619,2,85325
20230620,3,95268
20230621,4,102245
20230622,5,119252
20230623,1,115087
20230624,1,84145
20230625,0,68731
20230626,2,77615
20230627,1,98316
20230628,7,93589
20230629,1,113858
20230630,1,110860
20230701,0,93868
20230702,0,75018
20230703,0,82643
20230704,1,112349
20230705,1,113561
20230706,1,121351
20230707,1,121530
20230708,0,78114
20230709,0,75326
20230710,0,78203
20230711,3,119290
20230712,2,100428
20230713,4,101997
20230714,2,94230
20230715,4,49486
20230716,0,64284
20230717,2,84454
20230718,3,78633
20230719,0,83913
20230720,5,82868
20230721,1,91278
20230722,0,55722
20230723,11,58772
20230724,1,75803
20230725,2,84497
20230726,4,110966
20230727,6,69874
20230728,4,99994
20230729,0,57503
20230730,0,50380
20230731,2,72526
20230801,2,70954
20230802,1,80340
20230803,0,73293
20230804,0,59363
20230805,1,62761
20230806,0,55061
20230807,0,61526
20230808,0,74501
20230809,4,81222
20230810,1,70014
20230811,1,73242
20230812,0,73773
20230813,1,47183
20230814,2,59624
20230815,1,60190
20230816,1,71658
20230817,2,74534
20230818,2,85695
20230819,1,67209
20230820,0,54384
20230821,1,75935
20230822,0,71291
20230823,1,79979
20230824,3,93955
20230825,1,80523
20230826,3,76654
20230827,1,65761
20230828,2,81922
20230829,1,80571
20230830,2,87974
20230831,10,86121
20230901,1,106858
20230902,1,74204
20230903,0,80232
20230904,6,83868
20230905,2,102331
20230906,2,105153
20230907,4,106866
20230908,1,127385
20230909,0,83359
20230910,0,87777
20230911,2,94065
20230912,4,100284
20230913,10,110508
20230914,5,123227
20230915,1,110795
20230916,0,67084
20230917,2,72860
20230918,4,83458
20230919,6,85850
20230920,7,107507
20230921,6,112453
20230922,0,131447
20230923,1,80916
20230924,0,85443
20230925,4,102027
20230926,4,109666
20230927,9,119230
20230928,5,124985
20230929,2,119665
20230930,0,93050
20231001,0,70188
20231002,2,99129
20231003,0,99466
20231004,5,131773
20231005,7,105328
20231006,11,116717
20231007,1,75244
20231008,1,86035
20231009,1,96465
20231010,3,108166
20231011,1,115704
20231012,4,98555
20231013,1,117022
20231014,1,99283
20231015,0,82356
20231016,1,115174
20231017,1,119674
20231018,1,120187
20231019,4,100527
20231020,5,127566
20231021,0,76165
20231022,1,70498
20231023,3,75637
20231024,1,90063
20231025,2,106247
20231026,7,104068
20231027,3,105628
20231028,0,87991
20231029,1,86804
20231030,1,83420
20231031,3,77665
20231101,2,84807
20231102,0,91339
20231103,4,99372
20231104,1,62951
20231105,2,79150
20231106,3,83627
20231107,3,94349
20231108,1,116145
20231109,3,104248
20231110,1,105262
20231111,0,69650
20231112,1,71324
20231113,3,86605
20231114,2,94766
20231115,1,107730
20231116,1,102247
20231117,2,111384
20231118,1,89589
20231119,3,76337
20231120,3,103057
20231121,2,91622
20231122,6,109739
20231123,4,102883
20231124,2,120319
20231125,1,101686
20231126,1,67077
20231127,1,77775
20231128,3,90773
20231129,1,108226
20231130,1,112398
20231201,7,115140
20231202,6,73267
20231203,1,90709
20231204,1,79223
20231205,2,93593
20231206,1,107216
20231207,1,98403
20231208,1,117664
20231209,0,75563
20231210,1,103404
20231211,7,96636
20231212,2,99503
20231213,5,111993
20231214,3,95005
20231215,3,110675
20231216,1,90024
20231217,0,82671
20231218,1,81178
20231219,0,82884
20231220,1,124399
20231221,2,90460
20231222,4,103960
20231223,0,57772
20231224,1,48457
20231225,0,32361
20231226,1,71203
20231227,1,76445
20231228,3,75655
20231229,1,71357
20231230,0,65296
20231231,2,64361
20240101,0,39218
20240102,1,57959
20240103,0,80213
20240104,2,70607
20240105,3,82137
20240106,1,63195
20240107,0,61687
20240108,2,78071
20240109,1,99644
20240110,3,94578
20240111,0,93604
20240112,2,125078
20240113,0,62624
20240114,2,80540
20240115,3,88229
20240116,1,89889
20240117,1,123998
20240118,1,110638
20240119,0,122016
20240120,4,76485
20240121,2,77810
20240122,3,103527
20240123,1,89001
20240124,1,105119
20240125,1,114145
20240126,5,123120
20240127,0,80090
20240128,2,88262
20240129,0,76773
20240130,3,89905
20240131,10,112543
20240201,0,108797
20240202,2,112818
20240203,1,77283
20240204,0,76313
20240205,3,86262
20240206,1,103235
20240207,2,110928
20240208,3,116780
20240209,1,127246
20240210,2,87567
20240211,0,69263
20240212,0,82775
20240213,4,98121
20240214,1,100670
20240215,2,103489
20240216,3,105705
20240217,0,73598
20240218,1,75337
20240219,5,93777
20240220,2,87937
20240221,0,95197
20240222,1,88943
20240223,2,124730
20240224,3,84416
20240225,0,97202
20240226,0,93284
20240227,0,98068
20240228,3,102322
20240229,3,111017
20240301,1,109474
20240302,3,83057
20240303,0,70284
20240304,0,93493
20240305,2,103463
20240306,1,104694
20240307,4,103887
20240308,1,130586
20240309,0,76152
20240310,0,89970
20240311,0,100019
20240312,2,113450
20240313,1,123568
20240314,2,99228
20240315,2,123818
20240316,4,87838
20240317,0,64898
20240318,0,93197
20240319,9,98307
20240320,2,121715
20240321,1,100537
20240322,0,119798
20240323,0,81879
20240324,1,75279
20240325,0,86994
20240326,1,104248
20240327,1,106964
20240328,0,114926
20240329,0,109691
20240330,3,78114
20240331,1,72089
20240401,0,73249
20240402,0,86777
20240403,2,111057
20240404,1,100958
20240405,1,126897
20240406,0,81016
20240407,1,69715
20240408,1,67724
20240409,2,84536
20240410,4,107509
20240411,3,99749
20240412,1,108210
20240413,0,76412
20240414,0,74841
20240415,2,76798
20240416,4,94318
20240417,0,107431
20240418,0,105685
20240419,0,100876
20240420,0,67663
20240421,0,75595
20240422,2,76477
20240423,0,98767
20240424,1,115373
20240425,2,114332
20240426,1,114394
20240427,1,70395
20240428,1,79719
20240429,2,90376
20240430,0,88376
20240501,1,89476
20240502,3,91999
20240503,1,107549
20240504,1,72484
20240505,0,86005
20240506,0,91713
20240507,0,96868
20240508,2,85891
20240509,4,79234
20240510,0,96774
20240511,0,83428
20240512,0,82407
20240513,1,103034
20240514,3,119511
20240515,0,120617
20240516,0,114217
20240517,2,130376
20240518,1,88626
20240519,0,71537
20240520,1,81176
20240521,1,97082
20240522,0,116557
20240523,1,113452
20240524,2,122781
20240525,0,95618
20240526,3,80952
20240527,3,95232
20240528,4,109646
20240529,2,118489
20240530,1,106431
20240531,4,108360
20240601,1,83782
20240602,2,91856
20240603,1,93148
20240604,1,95251
20240605,0,109686
20240606,2,111118
20240607,2,101822
20240608,4,88728
20240609,0,74289
20240610,1,95731
20240611,1,109484
20240612,1,113501
20240613,5,100120
20240614,1,120024
20240615,0,90735
20240616,0,82558
20240617,1,88696
20240618,1,104168
20240619,0,117256
20240620,1,114685
20240621,3,124555
20240622,0,85587
20240623,2,88441
20240624,2,89104
20240625,1,118356
20240626,5,136346
20240627,0,132265
20240628,4,150492
20240629,0,105746
20240630,4,89599
20240701,2,95436
20240702,0,90703
20240703,0,113536
20240704,3,108932
20240705,2,125067
20240706,2,87855
20240707,0,80315
20240708,1,97939
20240709,1,82943
20240710,0,105082
20240711,2,82621
20240712,0,98504
20240713,1,75244
20240714,1,70103
20240715,1,77580
20240716,1,76641
20240717,0,97838
20240718,1,81575
20240719,0,81296
20240720,0,73888
20240721,0,51751
20240722,0,68767
20240723,0,76993
20240724,0,89920
20240725,0,85642
20240726,2,90020
20240727,0,101926
20240728,1,76148
20240729,0,74621
20240730,0,83276
20240731,0,93677
20240801,3,87750
20240802,1,96232
20240803,0,91445
20240804,0,54117
20240805,1,79998
20240806,0,78617
20240807,1,91873
20240808,5,90380
20240809,1,90721
20240810,0,73509
20240811,0,71037
20240812,1,67318
20240813,0,52719
20240814,5,59052
20240815,1,66416
20240816,1,69795
20240817,1,50498
20240818,0,52437
20240819,0,68712
20240820,1,66981
20240821,0,76371
20240822,0,65861
20240823,0,70103
20240824,0,62484
20240825,0,64045
20240826,0,72428
20240827,0,66288
20240828,0,86079
20240829,1,100443
20240830,1,105295
20240831,0,77065
20240901,0,72997
20240902,0,83251
20240903,2,82143
20240904,2,93575
20240905,3,108131
20240906,0,126354
20240907,1,73045
20240908,2,72795
20240909,5,82401
20240910,0,92254
20240911,1,97228
20240912,4,88162
20240913,2,111367
20240914,0,78510
20240915,0,69579
20240916,2,87737
20240917,3,82116
20240918,3,80984
20240919,2,109223
20240920,0,105498
20240921,1,87516
20240922,0,77689
20240923,1,83269
20240924,0,83143
20240925,2,88685
20240926,2,90084
20240927,2,107762
20240928,0,75200
20240929,1,77855
20240930,1,82492
20241001,0,93311
20241002,3,103902
20241003,2,107439
20241004,2,103872
20241005,0,74527
20241006,0,59376
20241007,1,77178
20241008,0,96468
20241009,2,113057
20241010,0,109533
20241011,3,107864
20241012,1,81380
20241013,3,65852
20241014,1,103876
20241015,1,77784
20241016,1,97683
20241017,3,98440
20241018,3,107827
20241019,0,78237
20241020,0,76095
20241021,2,76722
20241022,2,80364
20241023,2,101740
20241024,1,98638
20241025,0,98986
20241026,0,68308
20241027,2,78648
20241028,2,77075
20241029,0,95844
20241030,1,96280
20241031,2,92217
20241101,1,95594
20241102,0,71882
20241103,0,68371
20241104,1,80706
20241105,0,98456
20241106,2,112792
20241107,4,101936
20241108,3,106938
20241109,0,80359
20241110,0,62207
20241111,1,75823
20241112,0,83508
20241113,0,122782
20241114,1,113949
20241115,0,114545
20241116,1,67911
20241117,0,77291
20241118,0,83294
20241119,3,122244
20241120,2,116628
20241121,2,116825
20241122,0,103897
20241123,1,89065
20241124,2,72535
20241125,1,94319
20241126,1,100165
20241127,1,102515
20241128,2,107585
20241129,3,120239
20241130,0,78580
20241201,1,80394
20241202,0,89681
20241203,0,95491
20241204,1,101637
20241205,1,107875
20241206,0,112307
20241207,1,76508
20241208,1,73196
20241209,0,85863
20241210,0,84761
20241211,1,105250
20241212,3,93268
20241213,1,104769
20241214,1,84057
20241215,1,70905
20241216,2,83022
20241217,1,100406
20241218,3,102208
20241219,0,91829
20241220,1,102425
20241221,2,82145
20241222,0,71800
20241223,1,68328
20241224,0,51995
20241225,1,46763
20241226,0,61444
20241227,2,73129
20241228,0,52386
20241229,1,51933
20241230,1,51650
20241231,1,70550
