horodatage,tag,media,demi,seuil,filtre,nettoie,pics,n_pics_seuil,n_mots,n_nms,n_bords,n_centres_ecartes,n_plates,n_fenetres,D,K50,K50_frac,rang_eff,rang_eff_frac,cum3,cum6,cum10,gain6,v1,v2,v3,v4,v5,v6,duree_s
2026-07-31T16:14:42,lemonde_d5_s4_tous_n5000,lemonde,5,4,tous,5000,,164254,9816,133566,75,1620,0,131871,11,4,0.4000,8.98,0.8975,0.4402,0.7117,1.0000,1.186,0.165008,0.156399,0.118771,0.095075,0.093568,0.082888,4
2026-07-31T16:14:46,lemonde_d5_s4_sans_verbes_n5000,lemonde,5,4,sans_verbes,5000,,153200,7847,123529,72,1578,0,121879,11,4,0.4000,8.94,0.8940,0.4431,0.7135,1.0000,1.189,0.166346,0.157477,0.119229,0.094842,0.093412,0.082219,3
2026-07-31T16:14:51,lemonde_d5_s4_noms_n5000,lemonde,5,4,noms,5000,,136630,6256,109621,64,1477,0,108080,11,4,0.4000,8.90,0.8903,0.4459,0.7154,1.0000,1.192,0.168048,0.158504,0.119375,0.094521,0.093301,0.081685,3
2026-07-31T16:14:54,lemonde_d5_s4_noms_propres_n5000,lemonde,5,4,noms_propres,5000,,15828,511,11001,6,197,0,10798,11,4,0.4000,8.24,0.8243,0.4963,0.7435,1.0000,1.239,0.189936,0.177756,0.128636,0.089835,0.086109,0.071251,2
2026-07-31T16:14:58,lemonde_d5_s5_tous_n5000,lemonde,5,5,tous,5000,,75300,8671,61715,39,1043,0,60633,11,4,0.4000,8.50,0.8499,0.4752,0.7321,1.0000,1.220,0.183499,0.171320,0.120398,0.091218,0.089253,0.076429,3
2026-07-31T16:15:02,lemonde_d5_s5_sans_verbes_n5000,lemonde,5,5,sans_verbes,5000,,71083,7261,57927,38,1026,0,56863,11,4,0.4000,8.48,0.8484,0.4764,0.7331,1.0000,1.222,0.183883,0.171667,0.120867,0.091174,0.089420,0.076124,3
2026-07-31T16:15:06,lemonde_d5_s5_noms_n5000,lemonde,5,5,noms,5000,,63802,5972,51863,34,974,0,50855,11,4,0.4000,8.45,0.8445,0.4791,0.7353,1.0000,1.225,0.185295,0.172504,0.121325,0.090936,0.089250,0.075950,3
2026-07-31T16:15:09,lemonde_d5_s5_noms_propres_n5000,lemonde,5,5,noms_propres,5000,,7927,506,5665,4,139,0,5522,11,3,0.3000,7.72,0.7724,0.5283,0.7621,1.0000,1.270,0.208670,0.193082,0.126535,0.085460,0.081142,0.067175,2
2026-07-31T16:15:17,lemonde_d5_s6_tous_n5000,lemonde,5,6,tous,5000,,40722,7214,33687,20,694,0,32973,11,3,0.3000,8.10,0.8104,0.5020,0.7473,1.0000,1.246,0.198474,0.181126,0.122365,0.088682,0.084657,0.072012,3
2026-07-31T16:15:21,lemonde_d5_s6_sans_verbes_n5000,lemonde,5,6,sans_verbes,5000,,38546,6297,31733,19,685,0,31029,11,3,0.3000,8.10,0.8098,0.5024,0.7480,1.0000,1.247,0.198554,0.181139,0.122705,0.088889,0.084875,0.071862,3
2026-07-31T16:15:24,lemonde_d5_s6_noms_n5000,lemonde,5,6,noms,5000,,34594,5326,28418,16,655,0,27747,11,3,0.3000,8.06,0.8063,0.5049,0.7501,1.0000,1.250,0.199795,0.181757,0.123335,0.088830,0.084425,0.071995,3
2026-07-31T16:15:28,lemonde_d5_s6_noms_propres_n5000,lemonde,5,6,noms_propres,5000,,4518,477,3297,2,103,0,3192,11,3,0.3000,7.45,0.7455,0.5469,0.7733,1.0000,1.289,0.218501,0.197973,0.130377,0.084929,0.075143,0.066349,2
2026-07-31T16:15:33,lemonde_d10_s4_tous_n5000,lemonde,10,4,tous,5000,,164254,9816,127432,120,1547,0,125765,21,8,0.4000,17.46,0.8729,0.2694,0.4357,0.6209,1.452,0.111421,0.086125,0.071807,0.059084,0.055431,0.051795,4
2026-07-31T16:15:37,lemonde_d10_s4_sans_verbes_n5000,lemonde,10,4,sans_verbes,5000,,153200,7847,117596,115,1506,0,115975,21,8,0.4000,17.31,0.8654,0.2734,0.4402,0.6247,1.467,0.113560,0.087396,0.072468,0.059238,0.055579,0.051927,4
2026-07-31T16:15:41,lemonde_d10_s4_noms_n5000,lemonde,10,4,noms,5000,,136630,6256,104218,102,1409,0,102707,21,8,0.4000,17.18,0.8589,0.2766,0.4439,0.6284,1.480,0.115397,0.088366,0.072805,0.059605,0.055881,0.051893,3
2026-07-31T16:15:45,lemonde_d10_s4_noms_propres_n5000,lemonde,10,4,noms_propres,5000,,15828,511,10293,11,182,0,10100,21,6,0.3000,14.84,0.7419,0.3404,0.5097,0.6812,1.699,0.142581,0.109734,0.088035,0.059564,0.056076,0.053746,2
2026-07-31T16:15:58,lemonde_d10_s5_tous_n5000,lemonde,10,5,tous,5000,,75300,8671,59404,65,1001,0,58338,21,7,0.3500,16.04,0.8022,0.3061,0.4745,0.6516,1.582,0.131746,0.096785,0.077582,0.060002,0.056551,0.051809,12
2026-07-31T16:16:24,lemonde_d10_s5_sans_verbes_n5000,lemonde,10,5,sans_verbes,5000,,71083,7261,55670,63,984,0,54623,21,7,0.3500,15.93,0.7967,0.3088,0.4775,0.6539,1.592,0.133167,0.097647,0.078015,0.060128,0.056606,0.051954,9
2026-07-31T16:16:31,lemonde_d10_s5_noms_n5000,lemonde,10,5,noms,5000,,63802,5972,49815,58,932,0,48825,21,7,0.3500,15.83,0.7914,0.3112,0.4803,0.6567,1.601,0.134570,0.098430,0.078213,0.060352,0.056775,0.051979,6
2026-07-31T16:16:39,lemonde_d10_s5_noms_propres_n5000,lemonde,10,5,noms_propres,5000,,7927,506,5365,7,130,0,5228,21,6,0.3000,13.54,0.6769,0.3743,0.5428,0.7075,1.809,0.160327,0.118151,0.095807,0.059249,0.056402,0.052843,7
2026-07-31T16:16:45,lemonde_d10_s6_tous_n5000,lemonde,10,6,tous,5000,,40722,7214,32614,34,668,0,31912,21,6,0.3000,14.86,0.7431,0.3352,0.5049,0.6755,1.683,0.148275,0.104356,0.082609,0.060787,0.057139,0.051704,4
2026-07-31T16:16:49,lemonde_d10_s6_sans_verbes_n5000,lemonde,10,6,sans_verbes,5000,,38546,6297,30692,33,659,0,30000,21,6,0.3000,14.79,0.7397,0.3370,0.5067,0.6765,1.689,0.149184,0.105000,0.082819,0.060715,0.057103,0.051896,3
2026-07-31T16:16:53,lemonde_d10_s6_noms_n5000,lemonde,10,6,noms,5000,,34594,5326,27483,30,628,0,26825,21,6,0.3000,14.69,0.7347,0.3394,0.5091,0.6786,1.697,0.150615,0.105643,0.083134,0.060792,0.057068,0.051831,3
2026-07-31T16:16:58,lemonde_d10_s6_noms_propres_n5000,lemonde,10,6,noms_propres,5000,,4518,477,3150,3,97,0,3050,21,5,0.2500,12.54,0.6269,0.4016,0.5707,0.7288,1.902,0.173616,0.123060,0.104954,0.060695,0.056639,0.051697,3
2026-07-31T16:17:06,lemonde_d15_s4_tous_n5000,lemonde,15,4,tous,5000,,164254,9816,123465,155,1505,0,121805,31,11,0.3667,25.44,0.8479,0.2069,0.3330,0.4718,1.665,0.091698,0.062099,0.053060,0.046172,0.042127,0.037813,7
2026-07-31T16:17:19,lemonde_d15_s4_sans_verbes_n5000,lemonde,15,4,sans_verbes,5000,,153200,7847,113765,146,1464,0,112155,31,11,0.3667,25.14,0.8379,0.2112,0.3380,0.4767,1.690,0.094023,0.063345,0.053810,0.046450,0.042223,0.038156,11
2026-07-31T16:17:31,lemonde_d15_s4_noms_n5000,lemonde,15,4,noms,5000,,136630,6256,100718,130,1372,0,99216,31,11,0.3667,24.89,0.8295,0.2145,0.3420,0.4810,1.710,0.096046,0.064145,0.054269,0.046584,0.042749,0.038239,10
2026-07-31T16:17:34,lemonde_d15_s4_noms_propres_n5000,lemonde,15,4,noms_propres,5000,,15828,511,9839,16,176,0,9647,31,9,0.3000,20.48,0.6826,0.2782,0.4152,0.5518,2.076,0.125848,0.083909,0.068449,0.050474,0.044332,0.042209,3
2026-07-31T16:17:38,lemonde_d15_s5_tous_n5000,lemonde,15,5,tous,5000,,75300,8671,57909,80,977,0,56852,31,10,0.3333,22.84,0.7613,0.2429,0.3724,0.5090,1.862,0.112748,0.071406,0.058701,0.047923,0.043227,0.038420,3
2026-07-31T16:17:43,lemonde_d15_s5_sans_verbes_n5000,lemonde,15,5,sans_verbes,5000,,71083,7261,54222,77,960,0,53185,31,10,0.3333,22.61,0.7536,0.2461,0.3761,0.5125,1.880,0.114438,0.072358,0.059279,0.048173,0.043169,0.038674,3
2026-07-31T16:17:47,lemonde_d15_s5_noms_n5000,lemonde,15,5,noms,5000,,63802,5972,48486,72,911,0,47503,31,10,0.3333,22.40,0.7467,0.2486,0.3792,0.5158,1.896,0.116024,0.073077,0.059526,0.048170,0.043602,0.038760,3
2026-07-31T16:17:50,lemonde_d15_s5_noms_propres_n5000,lemonde,15,5,noms_propres,5000,,7927,506,5176,10,127,0,5039,31,8,0.2667,18.12,0.6039,0.3134,0.4534,0.5879,2.267,0.144584,0.092587,0.076269,0.052009,0.045545,0.042451,2
2026-07-31T16:17:54,lemonde_d15_s6_tous_n5000,lemonde,15,6,tous,5000,,40722,7214,31926,44,650,0,31232,31,9,0.3000,20.69,0.6898,0.2716,0.4041,0.5388,2.021,0.129983,0.078452,0.063163,0.049327,0.043940,0.039283,3
2026-07-31T16:17:58,lemonde_d15_s6_sans_verbes_n5000,lemonde,15,6,sans_verbes,5000,,38546,6297,30028,42,641,0,29345,31,9,0.3000,20.53,0.6842,0.2739,0.4068,0.5412,2.034,0.131272,0.079184,0.063477,0.049542,0.043772,0.039565,3
2026-07-31T16:18:03,lemonde_d15_s6_noms_n5000,lemonde,15,6,noms,5000,,34594,5326,26883,39,613,0,26231,31,9,0.3000,20.36,0.6786,0.2761,0.4092,0.5438,2.046,0.132713,0.079692,0.063683,0.049379,0.044068,0.039688,4
2026-07-31T16:18:07,lemonde_d15_s6_noms_propres_n5000,lemonde,15,6,noms_propres,5000,,4518,477,3057,5,94,0,2958,31,7,0.2333,16.36,0.5453,0.3426,0.4838,0.6178,2.419,0.159222,0.097931,0.085407,0.052303,0.046170,0.042786,2
2026-07-31T16:18:12,lemonde_d25_s4_tous_n5000,lemonde,25,4,tous,5000,,164254,9816,117948,215,1447,0,116286,51,19,0.3800,40.21,0.8042,0.1545,0.2468,0.3423,2.057,0.073852,0.042355,0.038289,0.036339,0.029161,0.026786,4
2026-07-31T16:18:18,lemonde_d25_s4_sans_verbes_n5000,lemonde,25,4,sans_verbes,5000,,153200,7847,108433,203,1407,0,106823,51,18,0.3600,39.59,0.7918,0.1580,0.2513,0.3475,2.094,0.076178,0.043418,0.038384,0.037004,0.029379,0.026970,4
2026-07-31T16:18:22,lemonde_d25_s4_noms_n5000,lemonde,25,4,noms,5000,,136630,6256,95905,182,1316,0,94407,51,18,0.3600,39.08,0.7817,0.1607,0.2550,0.3518,2.125,0.078068,0.044183,0.038435,0.037491,0.029642,0.027164,4
2026-07-31T16:18:26,lemonde_d25_s4_noms_propres_n5000,lemonde,25,4,noms_propres,5000,,15828,511,9303,22,168,0,9113,51,14,0.2800,30.17,0.6034,0.2202,0.3293,0.4307,2.744,0.108298,0.061893,0.049974,0.042925,0.034755,0.031429,3
2026-07-31T16:18:30,lemonde_d25_s5_tous_n5000,lemonde,25,5,tous,5000,,75300,8671,55946,121,937,0,54888,51,17,0.3400,35.17,0.7033,0.1845,0.2827,0.3805,2.356,0.093614,0.049471,0.041409,0.039552,0.030594,0.028091,3
2026-07-31T16:18:35,lemonde_d25_s5_sans_verbes_n5000,lemonde,25,5,sans_verbes,5000,,71083,7261,52308,116,920,0,51272,51,16,0.3200,34.67,0.6934,0.1877,0.2864,0.3846,2.387,0.095432,0.050330,0.041926,0.039771,0.030699,0.028246,3
2026-07-31T16:18:39,lemonde_d25_s5_noms_n5000,lemonde,25,5,noms,5000,,63802,5972,46759,108,873,0,45778,51,16,0.3200,34.29,0.6858,0.1899,0.2892,0.3879,2.410,0.096879,0.050893,0.042111,0.039879,0.030934,0.028538,3
2026-07-31T16:18:43,lemonde_d25_s5_noms_propres_n5000,lemonde,25,5,noms_propres,5000,,7927,506,4950,14,122,0,4814,51,12,0.2400,25.49,0.5098,0.2558,0.3701,0.4748,3.084,0.128440,0.069683,0.057686,0.045318,0.036721,0.032272,3
2026-07-31T16:18:47,lemonde_d25_s6_tous_n5000,lemonde,25,6,tous,5000,,40722,7212,30999,68,624,0,30307,51,15,0.3000,31.01,0.6202,0.2116,0.3134,0.4125,2.612,0.110272,0.055864,0.045436,0.040904,0.031640,0.029268,3
2026-07-31T16:18:51,lemonde_d25_s6_sans_verbes_n5000,lemonde,25,6,sans_verbes,5000,,38546,6295,29123,66,615,0,28442,51,15,0.3000,30.62,0.6124,0.2141,0.3165,0.4157,2.637,0.111810,0.056584,0.045745,0.041193,0.031751,0.029410,3
2026-07-31T16:18:54,lemonde_d25_s6_noms_n5000,lemonde,25,6,noms,5000,,34594,5324,26074,60,589,0,25425,51,15,0.3000,30.30,0.6061,0.2162,0.3191,0.4184,2.659,0.113124,0.057053,0.046006,0.041179,0.032075,0.029647,3
2026-07-31T16:18:58,lemonde_d25_s6_noms_propres_n5000,lemonde,25,6,noms_propres,5000,,4518,477,2956,9,89,0,2858,51,10,0.2000,22.50,0.4500,0.2845,0.4016,0.5076,3.347,0.141952,0.076294,0.066224,0.045849,0.037342,0.033941,2
2026-07-31T16:19:03,lemonde_d50_s4_tous_n5000,lemonde,50,4,tous,5000,,164254,9815,109081,378,1350,0,107353,101,37,0.3700,74.43,0.7443,0.1122,0.1705,0.2282,2.842,0.054777,0.032310,0.025070,0.021978,0.019360,0.017038,5
2026-07-31T16:19:09,lemonde_d50_s4_sans_verbes_n5000,lemonde,50,4,sans_verbes,5000,,153200,7846,99884,355,1311,0,98218,101,36,0.3600,72.99,0.7299,0.1150,0.1747,0.2330,2.912,0.056728,0.032308,0.025916,0.022555,0.019793,0.017403,4
2026-07-31T16:19:14,lemonde_d50_s4_noms_n5000,lemonde,50,4,noms,5000,,136630,6255,88160,314,1225,0,86621,101,36,0.3600,71.89,0.7189,0.1171,0.1777,0.2368,2.962,0.058198,0.032341,0.026515,0.022934,0.020061,0.017641,4
2026-07-31T16:19:17,lemonde_d50_s4_noms_propres_n5000,lemonde,50,4,noms_propres,5000,,15828,511,8449,31,153,0,8265,101,27,0.2700,51.28,0.5128,0.1637,0.2452,0.3134,4.087,0.085885,0.041517,0.036278,0.032641,0.026003,0.022902,2
2026-07-31T16:19:21,lemonde_d50_s5_tous_n5000,lemonde,50,5,tous,5000,,75300,8670,52704,201,885,0,51618,101,33,0.3300,63.59,0.6359,0.1344,0.1998,0.2609,3.331,0.070809,0.033643,0.029962,0.025611,0.021274,0.018544,3
2026-07-31T16:19:26,lemonde_d50_s5_sans_verbes_n5000,lemonde,50,5,sans_verbes,5000,,71083,7260,49156,194,869,0,48093,101,33,0.3300,62.36,0.6236,0.1369,0.2035,0.2650,3.392,0.072587,0.033745,0.030572,0.026103,0.021641,0.018868,3
2026-07-31T16:19:30,lemonde_d50_s5_noms_n5000,lemonde,50,5,noms,5000,,63802,5972,43916,177,824,0,42915,101,33,0.3300,61.52,0.6152,0.1386,0.2059,0.2682,3.431,0.073776,0.033827,0.030974,0.026408,0.021824,0.019068,3
2026-07-31T16:19:33,lemonde_d50_s5_noms_propres_n5000,lemonde,50,5,noms_propres,5000,,7927,506,4605,21,111,0,4473,101,23,0.2300,41.15,0.4115,0.1938,0.2830,0.3561,4.717,0.105608,0.047978,0.040212,0.036922,0.028224,0.024104,2
2026-07-31T16:19:37,lemonde_d50_s6_tous_n5000,lemonde,50,6,tous,5000,,40722,7211,29530,108,591,0,28831,101,30,0.3000,54.73,0.5473,0.1544,0.2258,0.2894,3.763,0.084942,0.036074,0.033340,0.028634,0.022847,0.019948,3
2026-07-31T16:19:41,lemonde_d50_s6_sans_verbes_n5000,lemonde,50,6,sans_verbes,5000,,38546,6294,27695,106,583,0,27006,101,30,0.3000,53.66,0.5366,0.1568,0.2292,0.2931,3.820,0.086706,0.036615,0.033521,0.029008,0.023146,0.020209,3
2026-07-31T16:19:45,lemonde_d50_s6_noms_n5000,lemonde,50,6,noms,5000,,34594,5324,24811,94,557,0,24160,101,30,0.3000,52.94,0.5294,0.1584,0.2315,0.2960,3.858,0.087875,0.037061,0.033466,0.029399,0.023289,0.020376,3
2026-07-31T16:19:48,lemonde_d50_s6_noms_propres_n5000,lemonde,50,6,noms_propres,5000,,4518,477,2767,13,81,0,2673,101,19,0.1900,34.95,0.3495,0.2197,0.3139,0.3910,5.232,0.119028,0.053741,0.046920,0.039432,0.029587,0.025234,2
2026-07-31T16:19:58,lemonde3j_d5_s4_tous_n0,lemonde3j,5,4,tous,0,,76267,8512,54474,107,0,0,54367,11,4,0.4000,8.47,0.8470,0.4686,0.7364,1.0000,1.227,0.189392,0.165030,0.114222,0.099297,0.092284,0.076131,8
2026-07-31T16:20:00,lemonde3j_d5_s4_sans_verbes_n0,lemonde3j,5,4,sans_verbes,0,,71880,7105,50754,103,0,0,50651,11,4,0.4000,8.43,0.8426,0.4722,0.7382,1.0000,1.230,0.191269,0.165996,0.114975,0.098871,0.091606,0.075525,1
2026-07-31T16:20:03,lemonde3j_d5_s4_noms_n0,lemonde3j,5,4,noms,0,,64361,5846,45150,96,0,0,45054,11,4,0.4000,8.38,0.8383,0.4751,0.7397,1.0000,1.233,0.193227,0.166911,0.114981,0.098507,0.091085,0.075021,1
2026-07-31T16:20:04,lemonde3j_d5_s4_noms_propres_n0,lemonde3j,5,4,noms_propres,0,,8546,503,5157,14,0,0,5143,11,3,0.3000,7.59,0.7587,0.5240,0.7795,1.0000,1.299,0.223241,0.183070,0.117720,0.100502,0.088246,0.066729,1
2026-07-31T16:20:07,lemonde3j_d5_s5_tous_n0,lemonde3j,5,5,tous,0,,36998,6624,26483,64,0,0,26419,11,3,0.3000,7.85,0.7847,0.5074,0.7626,1.0000,1.271,0.213635,0.180392,0.113401,0.097106,0.089571,0.068533,1
2026-07-31T16:20:09,lemonde3j_d5_s5_sans_verbes_n0,lemonde3j,5,5,sans_verbes,0,,35099,5878,24897,61,0,0,24836,11,3,0.3000,7.81,0.7810,0.5102,0.7639,1.0000,1.273,0.215224,0.181106,0.113870,0.096431,0.088863,0.068430,1
2026-07-31T16:20:11,lemonde3j_d5_s5_noms_n0,lemonde3j,5,5,noms,0,,31517,5031,22252,57,0,0,22195,11,3,0.3000,7.77,0.7775,0.5126,0.7654,1.0000,1.276,0.216693,0.181660,0.114225,0.096260,0.088156,0.068438,1
2026-07-31T16:20:13,lemonde3j_d5_s5_noms_propres_n0,lemonde3j,5,5,noms_propres,0,,4541,487,2836,9,0,0,2827,11,3,0.3000,7.08,0.7078,0.5512,0.8001,1.0000,1.334,0.242093,0.194810,0.114265,0.102208,0.086423,0.060341,1
2026-07-31T16:20:15,lemonde3j_d5_s6_tous_n0,lemonde3j,5,6,tous,0,,20850,5148,15054,45,0,0,15009,11,3,0.3000,7.44,0.7440,0.5325,0.7804,1.0000,1.301,0.228474,0.189492,0.114506,0.095330,0.088988,0.063628,1
2026-07-31T16:20:18,lemonde3j_d5_s6_sans_verbes_n0,lemonde3j,5,6,sans_verbes,0,,19803,4696,14178,43,0,0,14135,11,3,0.3000,7.41,0.7414,0.5342,0.7810,1.0000,1.302,0.230078,0.189339,0.114769,0.095061,0.088126,0.063616,1
2026-07-31T16:20:20,lemonde3j_d5_s6_noms_n0,lemonde3j,5,6,noms,0,,17740,4067,12650,42,0,0,12608,11,3,0.3000,7.37,0.7374,0.5366,0.7823,1.0000,1.304,0.231898,0.189971,0.114719,0.094739,0.087280,0.063700,1
2026-07-31T16:20:22,lemonde3j_d5_s6_noms_propres_n0,lemonde3j,5,6,noms_propres,0,,2760,452,1753,5,0,0,1748,11,3,0.3000,6.72,0.6723,0.5727,0.8197,1.0000,1.366,0.254209,0.201200,0.117266,0.106221,0.085094,0.055668,1
2026-07-31T16:20:24,lemonde3j_d10_s4_tous_n0,lemonde3j,10,4,tous,0,,76267,8511,51687,183,0,0,51504,21,7,0.3500,15.68,0.7841,0.3139,0.4804,0.6517,1.601,0.136285,0.105448,0.072168,0.062034,0.055534,0.048888,2
2026-07-31T16:20:27,lemonde3j_d10_s4_sans_verbes_n0,lemonde3j,10,4,sans_verbes,0,,71880,7104,48053,178,0,0,47875,21,7,0.3500,15.50,0.7751,0.3184,0.4853,0.6556,1.618,0.138269,0.107263,0.072915,0.062274,0.055838,0.048782,2
2026-07-31T16:20:29,lemonde3j_d10_s4_noms_n0,lemonde3j,10,4,noms,0,,64361,5845,42721,160,0,0,42561,21,7,0.3500,15.36,0.7681,0.3220,0.4888,0.6587,1.629,0.139921,0.108705,0.073402,0.062427,0.055624,0.048696,1
2026-07-31T16:20:31,lemonde3j_d10_s4_noms_propres_n0,lemonde3j,10,4,noms_propres,0,,8546,503,4820,21,0,0,4799,21,5,0.2500,12.76,0.6382,0.3831,0.5653,0.7252,1.884,0.166162,0.137975,0.078973,0.072784,0.060036,0.049337,1
2026-07-31T16:20:33,lemonde3j_d10_s5_tous_n0,lemonde3j,10,5,tous,0,,36998,6619,25368,119,0,0,25249,21,6,0.3000,13.62,0.6812,0.3622,0.5311,0.6921,1.770,0.165080,0.120953,0.076120,0.064233,0.056717,0.048014,1
2026-07-31T16:20:36,lemonde3j_d10_s5_sans_verbes_n0,lemonde3j,10,5,sans_verbes,0,,35099,5873,23816,117,0,0,23699,21,6,0.3000,13.50,0.6752,0.3655,0.5343,0.6945,1.781,0.166246,0.122639,0.076618,0.064230,0.056687,0.047858,1
2026-07-31T16:20:38,lemonde3j_d10_s5_noms_n0,lemonde3j,10,5,noms,0,,31517,5027,21274,103,0,0,21171,21,6,0.3000,13.41,0.6705,0.3683,0.5370,0.6971,1.790,0.166851,0.124354,0.077129,0.064264,0.056328,0.048084,1
2026-07-31T16:20:40,lemonde3j_d10_s5_noms_propres_n0,lemonde3j,10,5,noms_propres,0,,4541,487,2693,16,0,0,2677,21,4,0.2000,11.14,0.5569,0.4236,0.6134,0.7635,2.045,0.190087,0.151909,0.081619,0.078183,0.061731,0.049831,1
2026-07-31T16:20:42,lemonde3j_d10_s6_tous_n0,lemonde3j,10,6,tous,0,,20850,5142,14525,81,0,0,14444,21,5,0.2500,12.18,0.6088,0.3985,0.5698,0.7230,1.899,0.185741,0.132641,0.080123,0.065196,0.058362,0.047740,1
2026-07-31T16:20:44,lemonde3j_d10_s6_sans_verbes_n0,lemonde3j,10,6,sans_verbes,0,,19803,4690,13669,79,0,0,13590,21,5,0.2500,12.10,0.6051,0.4009,0.5721,0.7249,1.907,0.186131,0.134226,0.080510,0.065326,0.058212,0.047687,1
2026-07-31T16:20:46,lemonde3j_d10_s6_noms_n0,lemonde3j,10,6,noms,0,,17740,4064,12186,71,0,0,12115,21,5,0.2500,12.02,0.6010,0.4038,0.5743,0.7269,1.914,0.186331,0.136592,0.080830,0.065336,0.057597,0.047620,1
2026-07-31T16:20:48,lemonde3j_d10_s6_noms_propres_n0,lemonde3j,10,6,noms_propres,0,,2760,452,1686,11,0,0,1675,21,4,0.2000,10.16,0.5078,0.4542,0.6486,0.7919,2.162,0.202809,0.162844,0.088594,0.082669,0.063407,0.048319,1
2026-07-31T16:20:51,lemonde3j_d15_s4_tous_n0,lemonde3j,15,4,tous,0,,76267,8508,49983,212,0,0,49771,31,10,0.3333,22.36,0.7453,0.2503,0.3792,0.5125,1.896,0.114939,0.079654,0.055720,0.048456,0.042549,0.037889,2
2026-07-31T16:20:54,lemonde3j_d15_s4_sans_verbes_n0,lemonde3j,15,4,sans_verbes,0,,71880,7102,46408,205,0,0,46203,31,10,0.3333,22.01,0.7337,0.2551,0.3849,0.5183,1.924,0.117200,0.081364,0.056493,0.048914,0.042890,0.038000,2
2026-07-31T16:20:56,lemonde3j_d15_s4_noms_n0,lemonde3j,15,4,noms,0,,64361,5844,41261,182,0,0,41079,31,10,0.3333,21.76,0.7252,0.2586,0.3889,0.5222,1.944,0.118855,0.082759,0.057031,0.049303,0.042891,0.038060,1
2026-07-31T16:20:58,lemonde3j_d15_s4_noms_propres_n0,lemonde3j,15,4,noms_propres,0,,8546,503,4641,26,0,0,4615,31,7,0.2333,17.36,0.5787,0.3191,0.4687,0.6018,2.344,0.145727,0.109294,0.064075,0.060112,0.048540,0.040955,1
2026-07-31T16:21:00,lemonde3j_d15_s5_tous_n0,lemonde3j,15,5,tous,0,,36998,6616,24721,128,0,0,24593,31,8,0.2667,18.81,0.6269,0.2979,0.4332,0.5631,2.166,0.143517,0.093300,0.061051,0.051500,0.044510,0.039341,1
2026-07-31T16:21:03,lemonde3j_d15_s5_sans_verbes_n0,lemonde3j,15,5,sans_verbes,0,,35099,5871,23191,125,0,0,23066,31,8,0.2667,18.59,0.6195,0.3013,0.4371,0.5671,2.186,0.144927,0.094788,0.061588,0.051823,0.044707,0.039282,1
2026-07-31T16:21:05,lemonde3j_d15_s5_noms_n0,lemonde3j,15,5,noms,0,,31517,5026,20727,111,0,0,20616,31,8,0.2667,18.42,0.6141,0.3041,0.4403,0.5700,2.202,0.145657,0.096395,0.062034,0.052175,0.044588,0.039482,1
2026-07-31T16:21:07,lemonde3j_d15_s5_noms_propres_n0,lemonde3j,15,5,noms_propres,0,,4541,487,2619,17,0,0,2602,31,6,0.2000,14.59,0.4862,0.3629,0.5227,0.6518,2.613,0.170949,0.123498,0.068404,0.065757,0.051769,0.042291,1
2026-07-31T16:21:09,lemonde3j_d15_s6_tous_n0,lemonde3j,15,6,tous,0,,20850,5135,14190,88,0,0,14102,31,7,0.2333,16.22,0.5407,0.3366,0.4760,0.6033,2.380,0.166442,0.104331,0.065808,0.053228,0.046190,0.039954,1
2026-07-31T16:21:11,lemonde3j_d15_s6_sans_verbes_n0,lemonde3j,15,6,sans_verbes,0,,19803,4685,13347,85,0,0,13262,31,7,0.2333,16.08,0.5359,0.3392,0.4790,0.6067,2.395,0.167184,0.105914,0.066084,0.053637,0.046195,0.039981,1
2026-07-31T16:21:13,lemonde3j_d15_s6_noms_n0,lemonde3j,15,6,noms,0,,17740,4060,11913,78,0,0,11835,31,7,0.2333,15.95,0.5318,0.3418,0.4819,0.6093,2.409,0.167400,0.108065,0.066371,0.054035,0.045868,0.040120,1
2026-07-31T16:21:15,lemonde3j_d15_s6_noms_propres_n0,lemonde3j,15,6,noms_propres,0,,2760,452,1653,11,0,0,1642,31,5,0.1667,12.85,0.4284,0.3964,0.5627,0.6889,2.814,0.188123,0.133957,0.074346,0.071091,0.053974,0.041238,1
2026-07-31T16:21:18,lemonde3j_d25_s4_tous_n0,lemonde3j,25,4,tous,0,,76267,8506,47504,286,0,0,47218,51,16,0.3200,35.14,0.7027,0.1875,0.2843,0.3833,2.370,0.092012,0.055373,0.040071,0.037128,0.030458,0.029299,2
2026-07-31T16:21:21,lemonde3j_d25_s4_sans_verbes_n0,lemonde3j,25,4,sans_verbes,0,,71880,7100,44003,275,0,0,43728,51,16,0.3200,34.44,0.6888,0.1919,0.2900,0.3895,2.416,0.094309,0.056793,0.040771,0.037598,0.030914,0.029579,2
2026-07-31T16:21:24,lemonde3j_d25_s4_noms_n0,lemonde3j,25,4,noms,0,,64361,5843,39071,246,0,0,38825,51,16,0.3200,33.95,0.6790,0.1951,0.2939,0.3937,2.449,0.095913,0.057897,0.041309,0.037870,0.031219,0.029729,2
2026-07-31T16:21:26,lemonde3j_d25_s4_noms_propres_n0,lemonde3j,25,4,noms_propres,0,,8546,503,4362,35,0,0,4327,51,11,0.2200,25.63,0.5125,0.2526,0.3709,0.4799,3.091,0.123347,0.080642,0.048571,0.047294,0.037967,0.033048,1
2026-07-31T16:21:29,lemonde3j_d25_s5_tous_n0,lemonde3j,25,5,tous,0,,36998,6613,23815,173,0,0,23642,51,14,0.2800,28.56,0.5711,0.2307,0.3348,0.4350,2.790,0.118691,0.066596,0.045429,0.040843,0.032474,0.030767,2
2026-07-31T16:21:31,lemonde3j_d25_s5_sans_verbes_n0,lemonde3j,25,5,sans_verbes,0,,35099,5868,22309,168,0,0,22141,51,13,0.2600,28.09,0.5617,0.2342,0.3394,0.4399,2.828,0.120348,0.067892,0.046007,0.041260,0.032859,0.031000,2
2026-07-31T16:21:34,lemonde3j_d25_s5_noms_n0,lemonde3j,25,5,noms,0,,31517,5023,19922,149,0,0,19773,51,13,0.2600,27.79,0.5558,0.2367,0.3425,0.4433,2.854,0.121106,0.069252,0.046350,0.041658,0.033088,0.031045,2
2026-07-31T16:21:36,lemonde3j_d25_s5_noms_propres_n0,lemonde3j,25,5,noms_propres,0,,4541,487,2507,22,0,0,2485,51,9,0.1800,20.27,0.4053,0.2995,0.4304,0.5382,3.587,0.151248,0.094315,0.053977,0.053057,0.041965,0.035828,1
2026-07-31T16:21:38,lemonde3j_d25_s6_tous_n0,lemonde3j,25,6,tous,0,,20850,5129,13771,109,0,0,13662,51,12,0.2400,23.68,0.4735,0.2682,0.3776,0.4789,3.147,0.142056,0.076280,0.049896,0.043358,0.034294,0.031729,1
2026-07-31T16:21:40,lemonde3j_d25_s6_sans_verbes_n0,lemonde3j,25,6,sans_verbes,0,,19803,4681,12940,105,0,0,12835,51,11,0.2200,23.33,0.4667,0.2713,0.3818,0.4835,3.182,0.143311,0.077748,0.050273,0.043860,0.034484,0.032131,1
2026-07-31T16:21:43,lemonde3j_d25_s6_noms_n0,lemonde3j,25,6,noms,0,,17740,4057,11542,94,0,0,11448,51,11,0.2200,23.13,0.4627,0.2737,0.3847,0.4863,3.206,0.143613,0.079529,0.050567,0.044256,0.034547,0.032152,1
2026-07-31T16:21:45,lemonde3j_d25_s6_noms_propres_n0,lemonde3j,25,6,noms_propres,0,,2760,452,1596,15,0,0,1581,51,7,0.1400,16.97,0.3393,0.3367,0.4772,0.5846,3.976,0.173045,0.104010,0.059646,0.058255,0.045172,0.037042,1
2026-07-31T16:21:47,lemonde3j_d50_s4_tous_n0,lemonde3j,50,4,tous,0,,76267,8495,43360,633,0,0,42727,101,34,0.3400,66.39,0.6639,0.1286,0.1949,0.2587,3.248,0.064652,0.033767,0.030176,0.025002,0.021799,0.019500,2
2026-07-31T16:21:50,lemonde3j_d50_s4_sans_verbes_n0,lemonde3j,50,4,sans_verbes,0,,71880,7094,40006,600,0,0,39406,101,33,0.3300,64.78,0.6478,0.1319,0.1997,0.2645,3.329,0.066662,0.034792,0.030456,0.025666,0.022283,0.019872,2
2026-07-31T16:21:53,lemonde3j_d50_s4_noms_n0,lemonde3j,50,4,noms,0,,64361,5840,35468,539,0,0,34929,101,32,0.3200,63.68,0.6368,0.1343,0.2031,0.2685,3.386,0.067961,0.035680,0.030648,0.026094,0.022583,0.020182,2
2026-07-31T16:21:55,lemonde3j_d50_s4_noms_propres_n0,lemonde3j,50,4,noms_propres,0,,8546,503,3907,74,0,0,3833,101,23,0.2300,44.98,0.4498,0.1826,0.2697,0.3482,4.496,0.092840,0.054150,0.035632,0.033592,0.028597,0.024925,1
2026-07-31T16:21:57,lemonde3j_d50_s5_tous_n0,lemonde3j,50,5,tous,0,,36998,6598,22290,395,0,0,21895,101,29,0.2900,52.99,0.5299,0.1594,0.2337,0.3025,3.895,0.085691,0.041859,0.031898,0.028681,0.024118,0.021470,2
2026-07-31T16:22:00,lemonde3j_d50_s5_sans_verbes_n0,lemonde3j,50,5,sans_verbes,0,,35099,5858,20838,382,0,0,20456,101,28,0.2800,51.87,0.5187,0.1624,0.2379,0.3075,3.965,0.087240,0.042899,0.032225,0.029243,0.024501,0.021765,1
2026-07-31T16:22:02,lemonde3j_d50_s5_noms_n0,lemonde3j,50,5,noms,0,,31517,5015,18619,349,0,0,18270,101,28,0.2800,51.13,0.5113,0.1646,0.2411,0.3110,4.018,0.088031,0.044012,0.032558,0.029569,0.024802,0.022086,1
2026-07-31T16:22:04,lemonde3j_d50_s5_noms_propres_n0,lemonde3j,50,5,noms_propres,0,,4541,487,2313,52,0,0,2261,101,18,0.1800,34.07,0.3407,0.2225,0.3185,0.4019,5.308,0.118342,0.064576,0.039627,0.037919,0.030116,0.027908,1
2026-07-31T16:22:07,lemonde3j_d50_s6_tous_n0,lemonde3j,50,6,tous,0,,20850,5110,13044,246,0,0,12798,101,25,0.2500,42.70,0.4270,0.1892,0.2683,0.3411,4.471,0.105800,0.049180,0.034176,0.031401,0.024736,0.022961,1
2026-07-31T16:22:09,lemonde3j_d50_s6_sans_verbes_n0,lemonde3j,50,6,sans_verbes,0,,19803,4666,12240,236,0,0,12004,101,24,0.2400,41.87,0.4187,0.1922,0.2723,0.3459,4.538,0.107095,0.050397,0.034671,0.031845,0.025110,0.023152,1
2026-07-31T16:22:11,lemonde3j_d50_s6_noms_n0,lemonde3j,50,6,noms,0,,17740,4044,10943,218,0,0,10725,101,24,0.2400,41.37,0.4137,0.1942,0.2753,0.3492,4.588,0.107589,0.051708,0.034942,0.032194,0.025618,0.023252,1
2026-07-31T16:22:14,lemonde3j_d50_s6_noms_propres_n0,lemonde3j,50,6,noms_propres,0,,2760,452,1499,35,0,0,1464,101,14,0.1400,27.11,0.2711,0.2589,0.3638,0.4491,6.064,0.139926,0.073969,0.044964,0.042214,0.033315,0.029454,1
2026-07-31T16:22:18,lemonde7j_d5_s4_tous_n0,lemonde7j,5,4,tous,0,,44955,7017,29720,190,0,0,29530,11,3,0.3000,7.91,0.7910,0.5149,0.7640,1.0000,1.273,0.203161,0.182751,0.129027,0.091848,0.086155,0.071087,3
2026-07-31T16:22:20,lemonde7j_d5_s4_sans_verbes_n0,lemonde7j,5,4,sans_verbes,0,,42014,6073,27659,179,0,0,27480,11,3,0.3000,7.85,0.7851,0.5190,0.7666,1.0000,1.278,0.205680,0.183495,0.129834,0.091178,0.085864,0.070541,1
2026-07-31T16:22:22,lemonde7j_d5_s4_noms_n0,lemonde7j,5,4,noms,0,,37621,5124,24620,158,0,0,24462,11,3,0.3000,7.83,0.7825,0.5206,0.7680,1.0000,1.280,0.206321,0.184540,0.129729,0.091190,0.086021,0.070219,1
2026-07-31T16:22:23,lemonde7j_d5_s4_noms_propres_n0,lemonde7j,5,4,noms_propres,0,,5357,477,3152,15,0,0,3137,11,3,0.3000,6.94,0.6942,0.5762,0.8001,1.0000,1.333,0.245562,0.197801,0.132789,0.082080,0.078446,0.063410,0
2026-07-31T16:22:25,lemonde7j_d5_s5_tous_n0,lemonde7j,5,5,tous,0,,23157,5257,15456,123,0,0,15333,11,3,0.3000,7.29,0.7287,0.5558,0.7902,1.0000,1.317,0.225144,0.198461,0.132154,0.087699,0.081327,0.065391,1
2026-07-31T16:22:27,lemonde7j_d5_s5_sans_verbes_n0,lemonde7j,5,5,sans_verbes,0,,21872,4769,14538,118,0,0,14420,11,3,0.3000,7.25,0.7246,0.5586,0.7912,1.0000,1.319,0.227283,0.198557,0.132784,0.087236,0.080408,0.064980,1
2026-07-31T16:22:29,lemonde7j_d5_s5_noms_n0,lemonde7j,5,5,noms,0,,19628,4155,13029,105,0,0,12924,11,3,0.3000,7.24,0.7235,0.5591,0.7919,1.0000,1.320,0.227612,0.199011,0.132432,0.087321,0.080528,0.064947,1
2026-07-31T16:22:31,lemonde7j_d5_s5_noms_propres_n0,lemonde7j,5,5,noms_propres,0,,3034,445,1862,11,0,0,1851,11,3,0.3000,6.44,0.6441,0.6088,0.8236,1.0000,1.373,0.262629,0.210960,0.135241,0.080299,0.075545,0.058959,0
2026-07-31T16:22:33,lemonde7j_d5_s6_tous_n0,lemonde7j,5,6,tous,0,,13696,3965,9214,81,0,0,9133,11,3,0.3000,6.83,0.6832,0.5858,0.8117,1.0000,1.353,0.239009,0.210816,0.135966,0.086326,0.078770,0.060814,1
2026-07-31T16:22:34,lemonde7j_d5_s6_sans_verbes_n0,lemonde7j,5,6,sans_verbes,0,,12990,3670,8691,77,0,0,8614,11,3,0.3000,6.81,0.6805,0.5876,0.8123,1.0000,1.354,0.240695,0.210571,0.136360,0.086206,0.078167,0.060271,1
2026-07-31T16:22:36,lemonde7j_d5_s6_noms_n0,lemonde7j,5,6,noms,0,,11654,3242,7788,68,0,0,7720,11,3,0.3000,6.79,0.6789,0.5880,0.8133,1.0000,1.355,0.242184,0.210037,0.135770,0.086522,0.078531,0.060232,1
2026-07-31T16:22:38,lemonde7j_d5_s6_noms_propres_n0,lemonde7j,5,6,noms_propres,0,,1910,394,1177,5,0,0,1172,11,3,0.3000,6.05,0.6046,0.6375,0.8442,1.0000,1.407,0.276388,0.219237,0.141839,0.079558,0.074059,0.053091,0
2026-07-31T16:22:40,lemonde7j_d10_s4_tous_n0,lemonde7j,10,4,tous,0,,44955,7009,27939,232,0,0,27707,21,6,0.3000,14.51,0.7256,0.3481,0.5176,0.6836,1.725,0.142535,0.121727,0.083832,0.064490,0.057592,0.047382,1
2026-07-31T16:22:41,lemonde7j_d10_s4_sans_verbes_n0,lemonde7j,10,4,sans_verbes,0,,42014,6066,25965,221,0,0,25744,21,6,0.3000,14.35,0.7173,0.3525,0.5225,0.6880,1.742,0.143796,0.123774,0.084898,0.064776,0.057813,0.047469,1
2026-07-31T16:22:43,lemonde7j_d10_s4_noms_n0,lemonde7j,10,4,noms,0,,37621,5120,23106,197,0,0,22909,21,6,0.3000,14.24,0.7119,0.3548,0.5261,0.6911,1.754,0.144863,0.124813,0.085110,0.065329,0.058431,0.047565,1
2026-07-31T16:22:45,lemonde7j_d10_s4_noms_propres_n0,lemonde7j,10,4,noms_propres,0,,5357,477,2925,24,0,0,2901,21,5,0.2500,11.88,0.5941,0.4190,0.5915,0.7452,1.972,0.167601,0.154718,0.096707,0.067562,0.059197,0.045739,0
2026-07-31T16:22:46,lemonde7j_d10_s5_tous_n0,lemonde7j,10,5,tous,0,,23157,5248,14718,134,0,0,14584,21,5,0.2500,12.65,0.6325,0.3961,0.5650,0.7214,1.883,0.166957,0.138720,0.090380,0.066774,0.056531,0.045656,1
2026-07-31T16:22:48,lemonde7j_d10_s5_sans_verbes_n0,lemonde7j,10,5,sans_verbes,0,,21872,4761,13832,128,0,0,13704,21,5,0.2500,12.55,0.6277,0.3988,0.5681,0.7246,1.894,0.167364,0.140297,0.091141,0.067238,0.056749,0.045315,1
2026-07-31T16:22:50,lemonde7j_d10_s5_noms_n0,lemonde7j,10,5,noms,0,,19628,4149,12400,115,0,0,12285,21,5,0.2500,12.50,0.6252,0.3999,0.5700,0.7268,1.900,0.167502,0.141275,0.091143,0.067570,0.057347,0.045203,1
2026-07-31T16:22:52,lemonde7j_d10_s5_noms_propres_n0,lemonde7j,10,5,noms_propres,0,,3034,445,1765,18,0,0,1747,21,4,0.2000,10.43,0.5216,0.4617,0.6346,0.7787,2.115,0.192246,0.166249,0.103205,0.069540,0.059819,0.043570,0
2026-07-31T16:22:53,lemonde7j_d10_s6_tous_n0,lemonde7j,10,6,tous,0,,13696,3950,8853,89,0,0,8764,21,4,0.2000,11.30,0.5649,0.4337,0.6045,0.7538,2.015,0.185143,0.151858,0.096653,0.069283,0.056869,0.044691,1
2026-07-31T16:22:55,lemonde7j_d10_s6_sans_verbes_n0,lemonde7j,10,6,sans_verbes,0,,12990,3656,8345,86,0,0,8259,21,4,0.2000,11.24,0.5622,0.4353,0.6068,0.7561,2.023,0.184830,0.153419,0.097086,0.069707,0.057154,0.044560,1
2026-07-31T16:22:57,lemonde7j_d10_s6_noms_n0,lemonde7j,10,6,noms,0,,11654,3231,7485,76,0,0,7409,21,4,0.2000,11.20,0.5602,0.4363,0.6079,0.7583,2.026,0.184630,0.154851,0.096851,0.069516,0.057793,0.044231,1
2026-07-31T16:22:59,lemonde7j_d10_s6_noms_propres_n0,lemonde7j,10,6,noms_propres,0,,1910,394,1127,10,0,0,1117,21,3,0.1500,9.22,0.4610,0.5029,0.6784,0.8156,2.261,0.210702,0.180067,0.112089,0.072233,0.060924,0.042342,0
2026-07-31T16:23:01,lemonde7j_d15_s4_tous_n0,lemonde7j,15,4,tous,0,,44955,6998,26784,327,0,0,26457,31,9,0.3000,20.87,0.6957,0.2741,0.4116,0.5448,2.058,0.118543,0.091141,0.064396,0.052623,0.046861,0.038055,1
2026-07-31T16:23:03,lemonde7j_d15_s4_sans_verbes_n0,lemonde7j,15,4,sans_verbes,0,,42014,6060,24864,304,0,0,24560,31,9,0.3000,20.57,0.6856,0.2784,0.4171,0.5504,2.085,0.120096,0.092932,0.065387,0.053137,0.047337,0.038194,1
2026-07-31T16:23:06,lemonde7j_d15_s4_noms_n0,lemonde7j,15,4,noms,0,,37621,5116,22132,269,0,0,21863,31,9,0.3000,20.36,0.6786,0.2812,0.4207,0.5547,2.103,0.121143,0.094212,0.065858,0.053595,0.047586,0.038290,1
2026-07-31T16:23:07,lemonde7j_d15_s4_noms_propres_n0,lemonde7j,15,4,noms_propres,0,,5357,477,2798,27,0,0,2771,31,7,0.2333,16.50,0.5500,0.3429,0.4904,0.6227,2.452,0.142295,0.122014,0.078543,0.057394,0.051025,0.039103,0
2026-07-31T16:23:09,lemonde7j_d15_s5_tous_n0,lemonde7j,15,5,tous,0,,23157,5234,14259,205,0,0,14054,31,8,0.2667,17.76,0.5919,0.3200,0.4607,0.5907,2.304,0.142670,0.106555,0.070771,0.056054,0.046914,0.037768,1
2026-07-31T16:23:11,lemonde7j_d15_s5_sans_verbes_n0,lemonde7j,15,5,sans_verbes,0,,21872,4751,13390,192,0,0,13198,31,7,0.2333,17.59,0.5862,0.3227,0.4646,0.5946,2.323,0.143255,0.107980,0.071482,0.056620,0.047341,0.037937,1
2026-07-31T16:23:13,lemonde7j_d15_s5_noms_n0,lemonde7j,15,5,noms,0,,19628,4142,12007,170,0,0,11837,31,7,0.2333,17.44,0.5812,0.3252,0.4675,0.5978,2.338,0.143900,0.109337,0.071970,0.056831,0.047511,0.037980,1
2026-07-31T16:23:15,lemonde7j_d15_s5_noms_propres_n0,lemonde7j,15,5,noms_propres,0,,3034,445,1704,23,0,0,1681,31,6,0.2000,14.04,0.4681,0.3875,0.5380,0.6655,2.690,0.167311,0.134008,0.086136,0.060824,0.050799,0.038951,0
2026-07-31T16:23:16,lemonde7j_d15_s6_tous_n0,lemonde7j,15,6,tous,0,,13696,3937,8593,134,0,0,8459,31,6,0.2000,15.32,0.5107,0.3599,0.5043,0.6307,2.522,0.163575,0.119967,0.076367,0.059819,0.047436,0.037177,1
2026-07-31T16:23:18,lemonde7j_d15_s6_sans_verbes_n0,lemonde7j,15,6,sans_verbes,0,,12990,3647,8091,126,0,0,7965,31,6,0.2000,15.24,0.5081,0.3613,0.5067,0.6334,2.533,0.163428,0.121180,0.076725,0.060240,0.047906,0.037206,1
2026-07-31T16:23:20,lemonde7j_d15_s6_noms_n0,lemonde7j,15,6,noms,0,,11654,3224,7261,110,0,0,7151,31,6,0.2000,15.13,0.5043,0.3635,0.5089,0.6363,2.545,0.163859,0.122821,0.076845,0.059983,0.048218,0.037208,1
2026-07-31T16:23:22,lemonde7j_d15_s6_noms_propres_n0,lemonde7j,15,6,noms_propres,0,,1910,394,1090,12,0,0,1078,31,5,0.1667,12.17,0.4057,0.4278,0.5816,0.7051,2.908,0.187115,0.146822,0.093847,0.062461,0.053238,0.038156,0
2026-07-31T16:23:24,lemonde7j_d25_s4_tous_n0,lemonde7j,25,4,tous,0,,44955,6977,24790,579,0,0,24211,51,15,0.3000,33.27,0.6654,0.2026,0.3072,0.4099,2.560,0.091699,0.063781,0.047097,0.040810,0.034974,0.028846,1
2026-07-31T16:23:26,lemonde7j_d25_s4_sans_verbes_n0,lemonde7j,25,4,sans_verbes,0,,42014,6041,22961,544,0,0,22417,51,15,0.3000,32.70,0.6539,0.2064,0.3124,0.4157,2.603,0.093135,0.065288,0.047956,0.041487,0.035426,0.029101,1
2026-07-31T16:23:28,lemonde7j_d25_s4_noms_n0,lemonde7j,25,4,noms,0,,37621,5100,20406,490,0,0,19916,51,14,0.2800,32.28,0.6455,0.2093,0.3159,0.4200,2.633,0.094140,0.066553,0.048569,0.041949,0.035357,0.029376,1
2026-07-31T16:23:29,lemonde7j_d25_s4_noms_propres_n0,lemonde7j,25,4,noms_propres,0,,5357,476,2548,64,0,0,2484,51,11,0.2200,25.07,0.5014,0.2664,0.3850,0.4908,3.208,0.115965,0.090174,0.060275,0.047513,0.038769,0.032287,1
2026-07-31T16:23:31,lemonde7j_d25_s5_tous_n0,lemonde7j,25,5,tous,0,,23157,5211,13458,367,0,0,13091,51,13,0.2600,27.71,0.5541,0.2421,0.3542,0.4567,2.951,0.113300,0.076326,0.052468,0.045256,0.037093,0.029721,1
2026-07-31T16:23:33,lemonde7j_d25_s5_sans_verbes_n0,lemonde7j,25,5,sans_verbes,0,,21872,4731,12626,351,0,0,12275,51,12,0.2400,27.40,0.5480,0.2445,0.3580,0.4611,2.984,0.113704,0.077538,0.053210,0.045990,0.037493,0.030089,1
2026-07-31T16:23:35,lemonde7j_d25_s5_noms_n0,lemonde7j,25,5,noms,0,,19628,4124,11308,318,0,0,10990,51,12,0.2400,27.10,0.5420,0.2472,0.3609,0.4645,3.008,0.114394,0.078885,0.053927,0.046067,0.037403,0.030228,1
2026-07-31T16:23:36,lemonde7j_d25_s5_noms_propres_n0,lemonde7j,25,5,noms_propres,0,,3034,442,1585,52,0,0,1533,51,9,0.1800,20.50,0.4100,0.3097,0.4344,0.5408,3.620,0.140779,0.101871,0.067073,0.050601,0.041285,0.032824,0
2026-07-31T16:23:38,lemonde7j_d25_s6_tous_n0,lemonde7j,25,6,tous,0,,13696,3908,8195,251,0,0,7944,51,11,0.2200,23.39,0.4677,0.2773,0.3959,0.4979,3.299,0.132976,0.087730,0.056593,0.049331,0.038283,0.031017,1
2026-07-31T16:23:40,lemonde7j_d25_s6_sans_verbes_n0,lemonde7j,25,6,sans_verbes,0,,12990,3619,7714,242,0,0,7472,51,10,0.2000,23.27,0.4654,0.2784,0.3983,0.5009,3.319,0.132601,0.088727,0.057076,0.050105,0.038530,0.031229,1
2026-07-31T16:23:42,lemonde7j_d25_s6_noms_n0,lemonde7j,25,6,noms,0,,11654,3198,6923,219,0,0,6704,51,10,0.2000,23.06,0.4612,0.2810,0.4007,0.5037,3.339,0.132970,0.090294,0.057732,0.049853,0.038519,0.031327,1
2026-07-31T16:23:43,lemonde7j_d25_s6_noms_propres_n0,lemonde7j,25,6,noms_propres,0,,1910,391,1030,35,0,0,995,51,7,0.1400,17.12,0.3425,0.3518,0.4802,0.5840,4.002,0.161286,0.115750,0.074725,0.053194,0.042547,0.032691,0
2026-07-31T16:23:45,lemonde7j_d50_s4_tous_n0,lemonde7j,50,4,tous,0,,44955,6933,21801,906,0,0,20895,101,30,0.3000,63.40,0.6340,0.1342,0.2090,0.2780,3.484,0.062765,0.038927,0.032471,0.029565,0.023180,0.022122,1
2026-07-31T16:23:47,lemonde7j_d50_s4_sans_verbes_n0,lemonde7j,50,4,sans_verbes,0,,42014,6009,20133,843,0,0,19290,101,30,0.3000,62.10,0.6210,0.1371,0.2133,0.2833,3.555,0.063984,0.040060,0.033031,0.030130,0.023589,0.022516,1
2026-07-31T16:23:49,lemonde7j_d50_s4_noms_n0,lemonde7j,50,4,noms,0,,37621,5079,17837,744,0,0,17093,101,29,0.2900,61.35,0.6135,0.1388,0.2159,0.2865,3.598,0.064563,0.040836,0.033366,0.030424,0.023895,0.022808,1
2026-07-31T16:23:51,lemonde7j_d50_s4_noms_propres_n0,lemonde7j,50,4,noms_propres,0,,5357,476,2203,90,0,0,2113,101,22,0.2200,45.72,0.4572,0.1839,0.2740,0.3518,4.567,0.083201,0.057807,0.042843,0.036677,0.027026,0.026442,1
2026-07-31T16:23:53,lemonde7j_d50_s5_tous_n0,lemonde7j,50,5,tous,0,,23157,5152,12235,557,0,0,11678,101,26,0.2600,52.30,0.5230,0.1633,0.2446,0.3175,4.077,0.079586,0.047474,0.036260,0.032684,0.025431,0.023178,1
2026-07-31T16:23:55,lemonde7j_d50_s5_sans_verbes_n0,lemonde7j,50,5,sans_verbes,0,,21872,4680,11470,527,0,0,10943,101,26,0.2600,51.58,0.5158,0.1653,0.2477,0.3216,4.128,0.080060,0.048366,0.036865,0.033203,0.025792,0.023409,1
2026-07-31T16:23:57,lemonde7j_d50_s5_noms_n0,lemonde7j,50,5,noms,0,,19628,4086,10263,473,0,0,9790,101,25,0.2500,51.16,0.5116,0.1664,0.2492,0.3238,4.154,0.080365,0.049023,0.037013,0.033435,0.025855,0.023530,1
2026-07-31T16:23:58,lemonde7j_d50_s5_noms_propres_n0,lemonde7j,50,5,noms_propres,0,,3034,440,1422,69,0,0,1353,101,18,0.1800,37.11,0.3711,0.2155,0.3103,0.3913,5.171,0.103370,0.065370,0.046783,0.037789,0.029849,0.027092,0
2026-07-31T16:24:00,lemonde7j_d50_s6_tous_n0,lemonde7j,50,6,tous,0,,13696,3868,7587,376,0,0,7211,101,23,0.2300,43.51,0.4351,0.1908,0.2776,0.3529,4.627,0.095557,0.055518,0.039746,0.035696,0.027099,0.024017,1
2026-07-31T16:24:02,lemonde7j_d50_s6_sans_verbes_n0,lemonde7j,50,6,sans_verbes,0,,12990,3580,7140,363,0,0,6777,101,22,0.2200,43.11,0.4311,0.1922,0.2802,0.3563,4.669,0.095557,0.056316,0.040349,0.036276,0.027395,0.024261,1
2026-07-31T16:24:03,lemonde7j_d50_s6_noms_n0,lemonde7j,50,6,noms,0,,11654,3164,6406,334,0,0,6072,101,22,0.2200,42.87,0.4287,0.1930,0.2812,0.3580,4.686,0.095527,0.057195,0.040276,0.036673,0.027253,0.024246,1
2026-07-31T16:24:05,lemonde7j_d50_s6_noms_propres_n0,lemonde7j,50,6,noms_propres,0,,1910,390,941,49,0,0,892,101,15,0.1500,30.12,0.3012,0.2506,0.3519,0.4348,5.864,0.120814,0.076739,0.053015,0.040951,0.031917,0.028417,0
