a,b,lag,pearson,spearman,pearson_seg,spearman_seg,n
lemonde,lemonde,-15,0.5362,0.4107,-0.0662,-0.0027,26118
lemonde,lemonde,-14,0.5583,0.4109,-0.0575,0.0084,26118
lemonde,lemonde,-13,0.5200,0.4372,-0.0739,-0.0036,26118
lemonde,lemonde,-12,0.5244,0.4379,-0.0815,-0.0105,26118
lemonde,lemonde,-11,0.5347,0.4396,-0.0807,-0.0092,26118
lemonde,lemonde,-10,0.4905,0.4325,-0.0816,-0.0138,26118
lemonde,lemonde,-9,0.5098,0.4325,-0.0819,-0.0164,26118
lemonde,lemonde,-8,0.5273,0.4349,-0.0915,-0.0274,26118
lemonde,lemonde,-7,0.5725,0.4388,-0.0484,0.0051,26118
lemonde,lemonde,-6,0.5782,0.4614,-0.0775,-0.0118,26118
lemonde,lemonde,-5,0.5770,0.4618,-0.0888,-0.0258,26118
lemonde,lemonde,-4,0.5733,0.4621,-0.0924,-0.0325,26118
lemonde,lemonde,-3,0.5257,0.4679,-0.0939,-0.0369,26118
lemonde,lemonde,-2,0.5343,0.4964,-0.0765,-0.0250,26118
lemonde,lemonde,-1,0.6069,0.5448,-0.0345,0.0108,26118
lemonde,lemonde,0,1.0000,1.0000,1.0000,1.0000,26118
lemonde,lemonde,1,0.6428,0.6260,0.0368,0.0839,26118
lemonde,lemonde,2,0.5844,0.5410,-0.0399,0.0066,26118
lemonde,lemonde,3,0.5546,0.5093,-0.0702,-0.0167,26118
lemonde,lemonde,4,0.5377,0.4981,-0.0614,-0.0069,26118
lemonde,lemonde,5,0.5108,0.4873,-0.0812,-0.0294,26118
lemonde,lemonde,6,0.5004,0.4779,-0.0701,-0.0113,26118
lemonde,lemonde,7,0.5768,0.4747,-0.0347,0.0131,26118
lemonde,lemonde,8,0.5285,0.4863,-0.0607,0.0035,26118
lemonde,lemonde,9,0.5086,0.4627,-0.0845,-0.0217,26118
lemonde,lemonde,10,0.5036,0.4506,-0.0854,-0.0191,26118
lemonde,lemonde,11,0.4832,0.4446,-0.0923,-0.0306,26118
lemonde,lemonde,12,0.4595,0.4363,-0.0916,-0.0291,26118
lemonde,lemonde,13,0.4765,0.4382,-0.0707,-0.0095,26118
lemonde,lemonde,14,0.4717,0.4279,-0.0548,0.0006,26118
lemonde,lemonde,15,0.4776,0.4422,-0.0757,-0.0073,26118
lemonde,lefigaro,-15,0.4445,0.4071,-0.0227,-0.0093,26118
lemonde,lefigaro,-14,0.4936,0.4225,-0.0298,-0.0171,26118
lemonde,lefigaro,-13,0.4989,0.4471,-0.0261,-0.0026,26118
lemonde,lefigaro,-12,0.5119,0.4517,-0.0312,-0.0127,26118
lemonde,lefigaro,-11,0.5085,0.4401,-0.0350,-0.0213,26118
lemonde,lefigaro,-10,0.4993,0.4405,-0.0301,-0.0184,26118
lemonde,lefigaro,-9,0.4943,0.4411,-0.0393,-0.0234,26118
lemonde,lefigaro,-8,0.4622,0.4239,-0.0328,-0.0250,26118
lemonde,lefigaro,-7,0.5214,0.4537,-0.0122,-0.0037,26118
lemonde,lefigaro,-6,0.5488,0.4683,-0.0264,-0.0085,26118
lemonde,lefigaro,-5,0.5118,0.4638,-0.0478,-0.0329,26118
lemonde,lefigaro,-4,0.5180,0.4708,-0.0317,-0.0164,26118
lemonde,lefigaro,-3,0.5122,0.4754,-0.0310,-0.0183,26118
lemonde,lefigaro,-2,0.4929,0.4918,-0.0114,-0.0056,26118
lemonde,lefigaro,-1,0.4904,0.5243,0.0682,0.0603,26118
lemonde,lefigaro,0,0.5572,0.6193,0.2710,0.2681,26118
lemonde,lefigaro,1,0.6037,0.5800,0.0975,0.1016,26118
lemonde,lefigaro,2,0.5446,0.5359,0.0115,0.0248,26118
lemonde,lefigaro,3,0.5200,0.5097,-0.0059,0.0100,26118
lemonde,lefigaro,4,0.5108,0.5000,-0.0225,-0.0120,26118
lemonde,lefigaro,5,0.5036,0.4888,-0.0275,-0.0126,26118
lemonde,lefigaro,6,0.4980,0.4678,-0.0161,-0.0086,26118
lemonde,lefigaro,7,0.5119,0.4699,-0.0278,-0.0127,26118
lemonde,lefigaro,8,0.5228,0.4778,-0.0300,-0.0148,26118
lemonde,lefigaro,9,0.4998,0.4686,-0.0413,-0.0311,26118
lemonde,lefigaro,10,0.4861,0.4587,-0.0458,-0.0301,26118
lemonde,lefigaro,11,0.4675,0.4515,-0.0353,-0.0228,26118
lemonde,lefigaro,12,0.4595,0.4472,-0.0323,-0.0193,26118
lemonde,lefigaro,13,0.4513,0.4202,-0.0373,-0.0274,26118
lemonde,lefigaro,14,0.4515,0.4402,-0.0277,-0.0163,26118
lemonde,lefigaro,15,0.4596,0.4429,-0.0435,-0.0228,26118
lemonde,ouestfrance,-15,0.1786,0.2749,0.0005,0.0045,26118
lemonde,ouestfrance,-14,0.1809,0.2765,-0.0140,-0.0082,26118
lemonde,ouestfrance,-13,0.1790,0.2897,-0.0005,0.0028,26118
lemonde,ouestfrance,-12,0.1605,0.2881,0.0003,0.0056,26118
lemonde,ouestfrance,-11,0.1678,0.2920,0.0091,0.0112,26118
lemonde,ouestfrance,-10,0.1479,0.2898,-0.0085,-0.0004,26118
lemonde,ouestfrance,-9,0.1343,0.2870,-0.0045,-0.0020,26118
lemonde,ouestfrance,-8,0.1307,0.2898,-0.0041,-0.0109,26118
lemonde,ouestfrance,-7,0.1743,0.2876,-0.0040,-0.0097,26118
lemonde,ouestfrance,-6,0.1887,0.2919,-0.0033,-0.0061,26118
lemonde,ouestfrance,-5,0.1985,0.2959,-0.0107,-0.0164,26118
lemonde,ouestfrance,-4,0.1846,0.2959,-0.0172,-0.0197,26118
lemonde,ouestfrance,-3,0.1638,0.2946,-0.0283,-0.0285,26118
lemonde,ouestfrance,-2,0.1389,0.2937,-0.0384,-0.0354,26118
lemonde,ouestfrance,-1,0.1758,0.3029,-0.0190,-0.0272,26118
lemonde,ouestfrance,0,0.2504,0.3519,0.0684,0.0703,26118
lemonde,ouestfrance,1,0.2477,0.3680,0.0547,0.0519,26118
lemonde,ouestfrance,2,0.2029,0.3317,0.0040,-0.0024,26118
lemonde,ouestfrance,3,0.1457,0.3152,0.0028,-0.0004,26118
lemonde,ouestfrance,4,0.1515,0.3082,-0.0075,-0.0119,26118
lemonde,ouestfrance,5,0.1334,0.3010,-0.0165,-0.0231,26118
lemonde,ouestfrance,6,0.1227,0.2841,-0.0301,-0.0338,26118
lemonde,ouestfrance,7,0.1572,0.2935,-0.0251,-0.0296,26118
lemonde,ouestfrance,8,0.1702,0.3070,0.0064,0.0025,26118
lemonde,ouestfrance,9,0.1525,0.3004,0.0005,0.0018,26118
lemonde,ouestfrance,10,0.1328,0.2987,0.0194,0.0158,26118
lemonde,ouestfrance,11,0.1279,0.2822,-0.0071,-0.0013,26118
lemonde,ouestfrance,12,0.1345,0.2780,-0.0039,-0.0021,26118
lemonde,ouestfrance,13,0.1270,0.2787,-0.0084,-0.0051,26118
lemonde,ouestfrance,14,0.1243,0.2819,0.0023,-0.0007,26118
lemonde,ouestfrance,15,0.1328,0.2835,0.0143,0.0191,26118
lefigaro,lemonde,-15,0.5020,0.3934,-0.0281,-0.0104,26118
lefigaro,lemonde,-14,0.4578,0.3787,-0.0423,-0.0234,26118
lefigaro,lemonde,-13,0.5183,0.3986,-0.0363,-0.0209,26118
lefigaro,lemonde,-12,0.5226,0.4024,-0.0372,-0.0178,26118
lefigaro,lemonde,-11,0.5236,0.4083,-0.0389,-0.0216,26118
lefigaro,lemonde,-10,0.4944,0.4104,-0.0335,-0.0167,26118
lefigaro,lemonde,-9,0.5178,0.4017,-0.0488,-0.0296,26118
lefigaro,lemonde,-8,0.5289,0.4115,-0.0392,-0.0127,26118
lefigaro,lemonde,-7,0.4722,0.4037,-0.0417,-0.0284,26118
lefigaro,lemonde,-6,0.5436,0.4178,-0.0412,-0.0320,26118
lefigaro,lemonde,-5,0.5719,0.4238,-0.0606,-0.0473,26118
lefigaro,lemonde,-4,0.5685,0.4387,-0.0387,-0.0273,26118
lefigaro,lemonde,-3,0.5542,0.4516,-0.0306,-0.0163,26118
lefigaro,lemonde,-2,0.5679,0.4620,-0.0274,-0.0214,26118
lefigaro,lemonde,-1,0.5610,0.5077,0.0279,0.0235,26118
lefigaro,lemonde,0,0.5572,0.6193,0.2710,0.2681,26118
lefigaro,lemonde,1,0.6715,0.5984,0.1700,0.1644,26118
lefigaro,lemonde,2,0.6416,0.5133,0.0351,0.0432,26118
lefigaro,lemonde,3,0.6128,0.4838,-0.0021,0.0103,26118
lefigaro,lemonde,4,0.6019,0.4718,-0.0139,0.0006,26118
lefigaro,lemonde,5,0.5876,0.4669,-0.0098,0.0061,26118
lefigaro,lemonde,6,0.5383,0.4541,-0.0169,-0.0026,26118
lefigaro,lemonde,7,0.4729,0.4371,-0.0199,-0.0110,26118
lefigaro,lemonde,8,0.5460,0.4523,-0.0131,0.0005,26118
lefigaro,lemonde,9,0.5532,0.4304,-0.0360,-0.0208,26118
lefigaro,lemonde,10,0.5600,0.4182,-0.0407,-0.0227,26118
lefigaro,lemonde,11,0.5399,0.4207,-0.0379,-0.0230,26118
lefigaro,lemonde,12,0.5175,0.4066,-0.0450,-0.0307,26118
lefigaro,lemonde,13,0.5223,0.4080,-0.0358,-0.0146,26118
lefigaro,lemonde,14,0.4934,0.4012,-0.0316,-0.0083,26118
lefigaro,lemonde,15,0.5347,0.4055,-0.0414,-0.0286,26118
lefigaro,lefigaro,-15,0.5537,0.4568,-0.0707,0.0038,26118
lefigaro,lefigaro,-14,0.5863,0.4759,-0.0564,0.0086,26118
lefigaro,lefigaro,-13,0.5793,0.4830,-0.0701,-0.0001,26118
lefigaro,lefigaro,-12,0.5831,0.4791,-0.0910,-0.0194,26118
lefigaro,lefigaro,-11,0.5778,0.4765,-0.0873,-0.0201,26118
lefigaro,lefigaro,-10,0.5789,0.4774,-0.0858,-0.0217,26118
lefigaro,lefigaro,-9,0.5860,0.4777,-0.0942,-0.0285,26118
lefigaro,lefigaro,-8,0.5698,0.4801,-0.0860,-0.0191,26118
lefigaro,lefigaro,-7,0.6224,0.5068,-0.0591,-0.0107,26118
lefigaro,lefigaro,-6,0.6157,0.5072,-0.0754,-0.0215,26118
lefigaro,lefigaro,-5,0.6199,0.5043,-0.0909,-0.0363,26118
lefigaro,lefigaro,-4,0.6256,0.5165,-0.0857,-0.0288,26118
lefigaro,lefigaro,-3,0.6264,0.5221,-0.0857,-0.0398,26118
lefigaro,lefigaro,-2,0.6464,0.5462,-0.0812,-0.0457,26118
lefigaro,lefigaro,-1,0.6659,0.5956,-0.0386,-0.0157,26118
lefigaro,lefigaro,0,1.0000,1.0000,1.0000,1.0000,26118
lefigaro,lefigaro,1,0.7579,0.6629,0.0522,0.0779,26118
lefigaro,lefigaro,2,0.7048,0.6014,-0.0164,0.0195,26118
lefigaro,lefigaro,3,0.6724,0.5694,-0.0447,0.0021,26118
lefigaro,lefigaro,4,0.6534,0.5557,-0.0523,-0.0041,26118
lefigaro,lefigaro,5,0.6444,0.5439,-0.0677,-0.0157,26118
lefigaro,lefigaro,6,0.6283,0.5335,-0.0516,0.0091,26118
lefigaro,lefigaro,7,0.6400,0.5395,-0.0523,0.0005,26118
lefigaro,lefigaro,8,0.6260,0.5255,-0.0581,-0.0046,26118
lefigaro,lefigaro,9,0.6086,0.5081,-0.0830,-0.0213,26118
lefigaro,lefigaro,10,0.6014,0.4979,-0.0858,-0.0200,26118
lefigaro,lefigaro,11,0.5890,0.4920,-0.0812,-0.0172,26118
lefigaro,lefigaro,12,0.5736,0.4842,-0.0921,-0.0253,26118
lefigaro,lefigaro,13,0.5787,0.4718,-0.0825,-0.0095,26118
lefigaro,lefigaro,14,0.5970,0.4967,-0.0569,0.0046,26118
lefigaro,lefigaro,15,0.5746,0.4797,-0.0755,-0.0085,26118
lefigaro,ouestfrance,-15,0.1940,0.2983,0.0068,0.0188,26118
lefigaro,ouestfrance,-14,0.1921,0.3021,-0.0093,0.0007,26118
lefigaro,ouestfrance,-13,0.2091,0.3115,0.0201,0.0275,26118
lefigaro,ouestfrance,-12,0.1911,0.3060,0.0128,0.0158,26118
lefigaro,ouestfrance,-11,0.2014,0.3071,0.0167,0.0180,26118
lefigaro,ouestfrance,-10,0.1816,0.3052,-0.0065,0.0013,26118
lefigaro,ouestfrance,-9,0.1762,0.3071,0.0129,0.0170,26118
lefigaro,ouestfrance,-8,0.1698,0.3118,-0.0074,-0.0110,26118
lefigaro,ouestfrance,-7,0.1919,0.3030,-0.0178,-0.0206,26118
lefigaro,ouestfrance,-6,0.2090,0.3021,-0.0149,-0.0169,26118
lefigaro,ouestfrance,-5,0.2082,0.3024,-0.0294,-0.0405,26118
lefigaro,ouestfrance,-4,0.2119,0.3132,-0.0127,-0.0201,26118
lefigaro,ouestfrance,-3,0.1918,0.3058,-0.0445,-0.0472,26118
lefigaro,ouestfrance,-2,0.1765,0.3081,-0.0584,-0.0644,26118
lefigaro,ouestfrance,-1,0.1885,0.3293,-0.0517,-0.0593,26118
lefigaro,ouestfrance,0,0.2662,0.3784,0.0599,0.0560,26118
lefigaro,ouestfrance,1,0.2770,0.3880,0.0488,0.0363,26118
lefigaro,ouestfrance,2,0.2153,0.3456,-0.0070,-0.0198,26118
lefigaro,ouestfrance,3,0.1888,0.3383,-0.0006,-0.0079,26118
lefigaro,ouestfrance,4,0.1923,0.3303,0.0077,-0.0027,26118
lefigaro,ouestfrance,5,0.1730,0.3211,-0.0118,-0.0173,26118
lefigaro,ouestfrance,6,0.1725,0.3130,-0.0114,-0.0184,26118
lefigaro,ouestfrance,7,0.1817,0.3171,-0.0230,-0.0237,26118
lefigaro,ouestfrance,8,0.2070,0.3214,0.0118,0.0001,26118
lefigaro,ouestfrance,9,0.1813,0.3112,-0.0030,-0.0068,26118
lefigaro,ouestfrance,10,0.1741,0.3072,0.0049,0.0003,26118
lefigaro,ouestfrance,11,0.1683,0.2991,0.0101,0.0121,26118
lefigaro,ouestfrance,12,0.1792,0.2990,0.0201,0.0161,26118
lefigaro,ouestfrance,13,0.1691,0.3006,0.0045,0.0069,26118
lefigaro,ouestfrance,14,0.1668,0.3056,0.0046,0.0071,26118
lefigaro,ouestfrance,15,0.1743,0.3001,0.0275,0.0276,26118
ouestfrance,lemonde,-15,0.3182,0.3522,-0.0238,-0.0218,26118
ouestfrance,lemonde,-14,0.3057,0.3392,-0.0090,-0.0126,26118
ouestfrance,lemonde,-13,0.3443,0.3594,-0.0196,-0.0132,26118
ouestfrance,lemonde,-12,0.3670,0.3615,-0.0272,-0.0201,26118
ouestfrance,lemonde,-11,0.3587,0.3761,-0.0165,-0.0056,26118
ouestfrance,lemonde,-10,0.3226,0.3703,-0.0230,-0.0145,26118
ouestfrance,lemonde,-9,0.3610,0.3608,-0.0215,-0.0142,26118
ouestfrance,lemonde,-8,0.3264,0.3650,-0.0121,-0.0123,26118
ouestfrance,lemonde,-7,0.3306,0.3592,0.0042,-0.0017,26118
ouestfrance,lemonde,-6,0.3755,0.3829,0.0096,0.0163,26118
ouestfrance,lemonde,-5,0.3777,0.3874,-0.0163,0.0005,26118
ouestfrance,lemonde,-4,0.3548,0.3924,0.0019,0.0079,26118
ouestfrance,lemonde,-3,0.3161,0.3808,-0.0175,-0.0088,26118
ouestfrance,lemonde,-2,0.3531,0.3959,0.0177,0.0178,26118
ouestfrance,lemonde,-1,0.2599,0.3917,0.0405,0.0400,26118
ouestfrance,lemonde,0,0.2504,0.3519,0.0684,0.0703,26118
ouestfrance,lemonde,1,0.3357,0.4042,0.0989,0.0953,26118
ouestfrance,lemonde,2,0.3158,0.3936,0.0074,0.0183,26118
ouestfrance,lemonde,3,0.3191,0.3914,-0.0087,-0.0010,26118
ouestfrance,lemonde,4,0.3288,0.3913,-0.0129,-0.0050,26118
ouestfrance,lemonde,5,0.3238,0.3850,-0.0167,-0.0107,26118
ouestfrance,lemonde,6,0.2987,0.3828,-0.0152,-0.0153,26118
ouestfrance,lemonde,7,0.2811,0.3682,0.0068,0.0014,26118
ouestfrance,lemonde,8,0.3210,0.3801,-0.0024,0.0015,26118
ouestfrance,lemonde,9,0.3371,0.3800,-0.0163,-0.0112,26118
ouestfrance,lemonde,10,0.3208,0.3639,-0.0286,-0.0157,26118
ouestfrance,lemonde,11,0.3316,0.3768,-0.0092,-0.0029,26118
ouestfrance,lemonde,12,0.3477,0.3682,-0.0205,-0.0139,26118
ouestfrance,lemonde,13,0.3303,0.3552,-0.0300,-0.0272,26118
ouestfrance,lemonde,14,0.3123,0.3468,-0.0199,-0.0253,26118
ouestfrance,lemonde,15,0.3213,0.3580,-0.0353,-0.0268,26118
ouestfrance,lefigaro,-15,0.3245,0.3851,-0.0089,-0.0144,26118
ouestfrance,lefigaro,-14,0.3554,0.4002,-0.0062,-0.0028,26118
ouestfrance,lefigaro,-13,0.3743,0.4143,-0.0049,0.0037,26118
ouestfrance,lefigaro,-12,0.3728,0.4174,-0.0077,-0.0017,26118
ouestfrance,lefigaro,-11,0.3875,0.4130,-0.0135,-0.0075,26118
ouestfrance,lefigaro,-10,0.3724,0.4106,-0.0307,-0.0239,26118
ouestfrance,lefigaro,-9,0.3656,0.4193,-0.0260,-0.0164,26118
ouestfrance,lefigaro,-8,0.3278,0.3993,-0.0096,-0.0151,26118
ouestfrance,lefigaro,-7,0.3599,0.4185,-0.0005,-0.0036,26118
ouestfrance,lefigaro,-6,0.3760,0.4299,-0.0080,-0.0080,26118
ouestfrance,lefigaro,-5,0.3711,0.4266,-0.0173,-0.0072,26118
ouestfrance,lefigaro,-4,0.3607,0.4332,-0.0117,-0.0067,26118
ouestfrance,lefigaro,-3,0.3398,0.4381,0.0034,0.0123,26118
ouestfrance,lefigaro,-2,0.3402,0.4567,0.0334,0.0392,26118
ouestfrance,lefigaro,-1,0.2895,0.4269,0.0484,0.0450,26118
ouestfrance,lefigaro,0,0.2662,0.3784,0.0599,0.0560,26118
ouestfrance,lefigaro,1,0.3414,0.4546,0.0817,0.0787,26118
ouestfrance,lefigaro,2,0.3241,0.4380,-0.0051,0.0069,26118
ouestfrance,lefigaro,3,0.3279,0.4330,0.0002,0.0094,26118
ouestfrance,lefigaro,4,0.3245,0.4355,-0.0076,-0.0041,26118
ouestfrance,lefigaro,5,0.3474,0.4371,-0.0114,-0.0013,26118
ouestfrance,lefigaro,6,0.3006,0.4193,-0.0034,-0.0054,26118
ouestfrance,lefigaro,7,0.3450,0.4277,-0.0023,-0.0024,26118
ouestfrance,lefigaro,8,0.3419,0.4307,-0.0143,-0.0082,26118
ouestfrance,lefigaro,9,0.3354,0.4242,-0.0221,-0.0179,26118
ouestfrance,lefigaro,10,0.3368,0.4219,-0.0250,-0.0187,26118
ouestfrance,lefigaro,11,0.3355,0.4132,-0.0309,-0.0271,26118
ouestfrance,lefigaro,12,0.3363,0.4140,-0.0331,-0.0289,26118
ouestfrance,lefigaro,13,0.2957,0.3936,-0.0287,-0.0317,26118
ouestfrance,lefigaro,14,0.3350,0.4127,-0.0125,-0.0077,26118
ouestfrance,lefigaro,15,0.3462,0.4145,-0.0139,-0.0130,26118
ouestfrance,ouestfrance,-15,0.7535,0.5484,-0.0949,-0.0416,26118
ouestfrance,ouestfrance,-14,0.7717,0.5615,-0.0502,-0.0142,26118
ouestfrance,ouestfrance,-13,0.7588,0.5633,-0.0877,-0.0391,26118
ouestfrance,ouestfrance,-12,0.7654,0.5613,-0.1010,-0.0483,26118
ouestfrance,ouestfrance,-11,0.7681,0.5670,-0.0993,-0.0473,26118
ouestfrance,ouestfrance,-10,0.7657,0.5602,-0.1080,-0.0545,26118
ouestfrance,ouestfrance,-9,0.7650,0.5594,-0.1020,-0.0486,26118
ouestfrance,ouestfrance,-8,0.7522,0.5694,-0.0945,-0.0454,26118
ouestfrance,ouestfrance,-7,0.8405,0.5903,-0.0312,0.0012,26118
ouestfrance,ouestfrance,-6,0.8073,0.5898,-0.0669,-0.0150,26118
ouestfrance,ouestfrance,-5,0.8361,0.6015,-0.0827,-0.0324,26118
ouestfrance,ouestfrance,-4,0.8434,0.6149,-0.0531,-0.0009,26118
ouestfrance,ouestfrance,-3,0.8493,0.6230,-0.0473,-0.0004,26118
ouestfrance,ouestfrance,-2,0.8347,0.6432,-0.0140,0.0285,26118
ouestfrance,ouestfrance,-1,0.8353,0.6764,0.0520,0.0836,26118
ouestfrance,ouestfrance,0,1.0000,1.0000,1.0000,1.0000,26118
ouestfrance,ouestfrance,1,0.8691,0.7200,0.0856,0.1254,26118
ouestfrance,ouestfrance,2,0.8275,0.6640,-0.0145,0.0309,26118
ouestfrance,ouestfrance,3,0.7991,0.6324,-0.0511,-0.0018,26118
ouestfrance,ouestfrance,4,0.7852,0.6135,-0.0717,-0.0292,26118
ouestfrance,ouestfrance,5,0.7850,0.6085,-0.0850,-0.0362,26118
ouestfrance,ouestfrance,6,0.7729,0.5941,-0.0924,-0.0478,26118
ouestfrance,ouestfrance,7,0.7778,0.6149,-0.0178,0.0135,26118
ouestfrance,ouestfrance,8,0.7755,0.5885,-0.0970,-0.0435,26118
ouestfrance,ouestfrance,9,0.7743,0.5763,-0.1033,-0.0531,26118
ouestfrance,ouestfrance,10,0.7696,0.5667,-0.1068,-0.0567,26118
ouestfrance,ouestfrance,11,0.7581,0.5583,-0.1008,-0.0488,26118
ouestfrance,ouestfrance,12,0.7667,0.5605,-0.0944,-0.0476,26118
ouestfrance,ouestfrance,13,0.7577,0.5628,-0.0940,-0.0462,26118
ouestfrance,ouestfrance,14,0.7611,0.5723,-0.0564,-0.0158,26118
ouestfrance,ouestfrance,15,0.7578,0.5559,-0.0885,-0.0376,26118
