horodatage,media,dans_sitemap,ajoutees
2026-07-08T17:40:01,le_figaro,600,113
2026-07-08T17:40:01,le_capital,75,7
2026-07-08T17:40:01,le_nouvel_observateur,82,12
2026-07-08T17:40:01,le_monde,277,43
2026-07-08T17:40:01,les_echos,291,45
2026-07-08T17:40:01,telerama,54,10
2026-07-08T17:40:01,valeurs_actuelles,40,10
2026-07-08T17:40:01,l_opinion,76,17
2026-07-08T17:40:01,challenges,37,11
2026-07-08T17:40:01,paris_match,100,13
2026-07-08T17:40:01,atlantico,32,2
2026-07-08T17:40:01,la_depeche,999,147
2026-07-08T17:40:01,le_telegramme,1431,251
2026-07-08T17:40:01,nice_matin,199,33
2026-07-08T17:40:01,le_journal_du_dimanche,100,13
2026-07-08T17:40:01,sud_ouest,884,174
2026-07-08T17:40:01,mediapart,2516,4
2026-07-08T17:40:01,gala,153,25
2026-07-08T17:40:01,voici,94,14
2026-07-08T17:40:01,bfmtv,1000,177
2026-07-08T17:40:01,ouest_france,3464,523
2026-07-08T17:40:01,leparisien,1000,93
2026-07-08T17:40:01,la_croix,113,27
2026-07-08T17:40:01,laprovence,300,60
2026-07-08T17:40:01,marianne,30,5
2026-07-08T17:40:01,midilibre,999,61
2026-07-08T17:40:01,paris_normandie,154,34
2026-07-08T17:40:01,latribune,100,9
2026-07-08T17:40:01,liberation,100,30
2026-07-09T05:40:01,le_figaro,597,85
2026-07-09T05:40:01,le_capital,75,6
2026-07-09T05:40:01,le_nouvel_observateur,66,5
2026-07-09T05:40:01,le_monde,265,40
2026-07-09T05:40:01,les_echos,301,21
2026-07-09T05:40:01,telerama,55,3
2026-07-09T05:40:01,valeurs_actuelles,42,4
2026-07-09T05:40:01,l_opinion,75,8
2026-07-09T05:40:01,challenges,40,6
2026-07-09T05:40:01,paris_match,100,12
2026-07-09T05:40:01,atlantico,32,0
2026-07-09T05:40:01,la_depeche,999,365
2026-07-09T05:40:01,le_telegramme,1376,75
2026-07-09T05:40:01,nice_matin,201,33
2026-07-09T05:40:01,le_journal_du_dimanche,100,2
2026-07-09T05:40:01,sud_ouest,958,149
2026-07-09T05:40:01,mediapart,2506,7
2026-07-09T05:40:01,gala,146,16
2026-07-09T05:40:01,voici,94,15
2026-07-09T05:40:01,bfmtv,1000,172
2026-07-09T05:40:01,ouest_france,3441,840
2026-07-09T05:40:01,leparisien,1000,63
2026-07-09T05:40:01,la_croix,109,10
2026-07-09T05:40:01,laprovence,300,28
2026-07-09T05:40:01,marianne,30,3
2026-07-09T05:40:01,midilibre,999,182
2026-07-09T05:40:01,paris_normandie,159,16
2026-07-09T05:40:01,latribune,100,5
2026-07-09T05:40:01,liberation,100,29
2026-07-09T17:40:01,le_figaro,605,204
2026-07-09T17:40:01,le_capital,74,28
2026-07-09T17:40:01,le_nouvel_observateur,80,14
2026-07-09T17:40:01,le_monde,262,94
2026-07-09T17:40:01,les_echos,274,103
2026-07-09T17:40:01,telerama,47,24
2026-07-09T17:40:01,valeurs_actuelles,47,18
2026-07-09T17:40:01,l_opinion,74,29
2026-07-09T17:40:01,challenges,51,23
2026-07-09T17:40:01,paris_match,100,33
2026-07-09T17:40:01,atlantico,33,17
2026-07-09T17:40:01,la_depeche,999,192
2026-07-09T17:40:01,le_telegramme,1417,580
2026-07-09T17:40:01,nice_matin,212,84
2026-07-09T17:40:01,le_journal_du_dimanche,100,29
2026-07-09T17:40:01,sud_ouest,958,338
2026-07-09T17:40:01,mediapart,2517,14
2026-07-09T17:40:01,gala,152,55
2026-07-09T17:40:01,voici,94,34
2026-07-09T17:40:01,bfmtv,1000,399
2026-07-09T17:40:01,ouest_france,3466,874
2026-07-09T17:40:01,leparisien,1000,196
2026-07-09T17:40:01,la_croix,106,39
2026-07-09T17:40:01,laprovence,300,155
2026-07-09T17:40:01,marianne,30,10
2026-07-09T17:40:01,midilibre,808,130
2026-07-09T17:40:01,paris_normandie,168,68
2026-07-09T17:40:01,latribune,100,38
2026-07-09T17:40:01,liberation,100,73
2026-07-10T05:40:01,le_figaro,599,84
2026-07-10T05:40:01,le_capital,75,6
2026-07-10T05:40:01,le_nouvel_observateur,53,12
2026-07-10T05:40:01,le_monde,250,34
2026-07-10T05:40:01,les_echos,280,21
2026-07-10T05:40:01,telerama,48,2
2026-07-10T05:40:01,valeurs_actuelles,45,2
2026-07-10T05:40:01,l_opinion,74,8
2026-07-10T05:40:01,challenges,51,4
2026-07-10T05:40:01,paris_match,100,7
2026-07-10T05:40:01,atlantico,33,0
2026-07-10T05:40:01,la_depeche,999,380
2026-07-10T05:40:01,le_telegramme,1360,77
2026-07-10T05:40:01,nice_matin,223,36
2026-07-10T05:40:01,le_journal_du_dimanche,100,6
2026-07-10T05:40:01,sud_ouest,991,118
2026-07-10T05:40:01,mediapart,2511,5
2026-07-10T05:40:01,gala,156,21
2026-07-10T05:40:01,voici,97,16
2026-07-10T05:40:01,bfmtv,1000,194
2026-07-10T05:40:01,ouest_france,3401,804
2026-07-10T05:40:01,leparisien,1000,85
2026-07-10T05:40:01,la_croix,107,13
2026-07-10T05:40:01,laprovence,300,32
2026-07-10T05:40:01,marianne,28,3
2026-07-10T05:40:01,midilibre,856,188
2026-07-10T05:40:01,paris_normandie,171,19
2026-07-10T05:40:01,latribune,100,6
2026-07-10T05:40:01,liberation,100,24
2026-07-10T17:40:01,le_figaro,564,194
2026-07-10T17:40:01,le_capital,73,26
2026-07-10T17:40:01,le_nouvel_observateur,65,12
2026-07-10T17:40:01,le_monde,255,98
2026-07-10T17:40:01,les_echos,260,87
2026-07-10T17:40:01,telerama,42,14
2026-07-10T17:40:01,valeurs_actuelles,39,15
2026-07-10T17:40:01,l_opinion,65,23
2026-07-10T17:40:01,challenges,47,14
2026-07-10T17:40:01,paris_match,100,33
2026-07-10T17:40:01,atlantico,37,20
2026-07-10T17:40:01,la_depeche,999,207
2026-07-10T17:40:01,le_telegramme,1421,346
2026-07-10T17:40:01,nice_matin,223,84
2026-07-10T17:40:01,le_journal_du_dimanche,100,24
2026-07-10T17:40:01,sud_ouest,937,305
2026-07-10T17:40:01,mediapart,2525,17
2026-07-10T17:40:01,gala,139,47
2026-07-10T17:40:01,voici,100,35
2026-07-10T17:40:01,bfmtv,1000,380
2026-07-10T17:40:01,ouest_france,3481,937
2026-07-10T17:40:01,leparisien,1000,191
2026-07-10T17:40:01,la_croix,109,43
2026-07-10T17:40:01,laprovence,300,142
2026-07-10T17:40:01,marianne,30,11
2026-07-10T17:40:01,midilibre,759,138
2026-07-10T17:40:01,paris_normandie,178,76
2026-07-10T17:40:01,latribune,100,34
2026-07-10T17:40:01,liberation,100,72
2026-07-11T05:40:01,le_figaro,561,78
2026-07-11T05:40:01,le_capital,72,5
2026-07-11T05:40:01,le_nouvel_observateur,55,15
2026-07-11T05:40:01,le_monde,258,42
2026-07-11T05:40:01,les_echos,255,7
2026-07-11T05:40:01,telerama,42,3
2026-07-11T05:40:01,valeurs_actuelles,37,2
2026-07-11T05:40:01,l_opinion,60,2
2026-07-11T05:40:01,challenges,44,3
2026-07-11T05:40:01,paris_match,100,8
2026-07-11T05:40:01,atlantico,37,0
2026-07-11T05:40:01,la_depeche,999,339
2026-07-11T05:40:01,le_telegramme,1348,308
2026-07-11T05:40:01,nice_matin,213,22
2026-07-11T05:40:01,le_journal_du_dimanche,100,0
2026-07-11T05:40:01,sud_ouest,952,127
2026-07-11T05:40:01,mediapart,2514,0
2026-07-11T05:40:01,gala,146,23
2026-07-11T05:40:01,voici,108,21
2026-07-11T05:40:01,bfmtv,1000,123
2026-07-11T05:40:01,ouest_france,3507,857
2026-07-11T05:40:01,leparisien,1000,49
2026-07-11T05:40:01,la_croix,112,14
2026-07-11T05:40:01,laprovence,300,18
2026-07-11T05:40:01,marianne,29,3
2026-07-11T05:40:01,midilibre,670,141
2026-07-11T05:40:01,paris_normandie,172,8
2026-07-11T05:40:01,latribune,100,1
2026-07-11T05:40:01,liberation,100,18
2026-07-11T17:40:01,le_figaro,482,126
2026-07-11T17:40:01,le_capital,53,12
2026-07-11T17:40:01,le_nouvel_observateur,82,27
2026-07-11T17:40:01,le_monde,203,51
2026-07-11T17:40:01,les_echos,167,32
2026-07-11T17:40:01,telerama,34,15
2026-07-11T17:40:01,valeurs_actuelles,35,16
2026-07-11T17:40:01,l_opinion,35,4
2026-07-11T17:40:01,challenges,27,6
2026-07-11T17:40:01,paris_match,100,28
2026-07-11T17:40:01,atlantico,32,12
2026-07-11T17:40:01,la_depeche,999,113
2026-07-11T17:40:01,le_telegramme,1038,216
2026-07-11T17:40:01,nice_matin,189,62
2026-07-11T17:40:01,le_journal_du_dimanche,100,11
2026-07-11T17:40:01,sud_ouest,710,160
2026-07-11T17:40:01,mediapart,2521,7
2026-07-11T17:40:01,gala,136,45
2026-07-11T17:40:01,voici,102,27
2026-07-11T17:40:01,bfmtv,832,129
2026-07-11T17:40:01,ouest_france,3159,522
2026-07-11T17:40:01,leparisien,1000,136
2026-07-11T17:40:01,la_croix,99,21
2026-07-11T17:40:01,laprovence,284,92
2026-07-11T17:40:01,marianne,30,5
2026-07-11T17:40:01,midilibre,666,95
2026-07-11T17:40:01,paris_normandie,157,54
2026-07-11T17:40:01,latribune,100,8
2026-07-11T17:40:01,liberation,100,41
2026-07-12T05:40:01,le_figaro,456,58
2026-07-12T05:40:01,le_capital,52,5
2026-07-12T05:40:01,le_nouvel_observateur,57,1
2026-07-12T05:40:01,le_monde,212,36
2026-07-12T05:40:01,les_echos,155,1
2026-07-12T05:40:01,telerama,34,2
2026-07-12T05:40:01,valeurs_actuelles,35,1
2026-07-12T05:40:01,l_opinion,27,0
2026-07-12T05:40:01,challenges,24,0
2026-07-12T05:40:01,paris_match,100,3
2026-07-12T05:40:01,atlantico,32,0
2026-07-12T05:40:01,la_depeche,999,219
2026-07-12T05:40:01,le_telegramme,967,62
2026-07-12T05:40:01,nice_matin,177,20
2026-07-12T05:40:01,le_journal_du_dimanche,100,13
2026-07-12T05:40:01,sud_ouest,699,69
2026-07-12T05:40:01,mediapart,2509,0
2026-07-12T05:40:01,gala,135,20
2026-07-12T05:40:01,voici,93,6
2026-07-12T05:40:01,bfmtv,732,92
2026-07-12T05:40:01,ouest_france,2831,482
2026-07-12T05:40:01,leparisien,1000,44
2026-07-12T05:40:01,la_croix,88,9
2026-07-12T05:40:01,laprovence,263,12
2026-07-12T05:40:01,marianne,22,1
2026-07-12T05:40:01,midilibre,583,146
2026-07-12T05:40:01,paris_normandie,148,10
2026-07-12T05:40:01,latribune,100,13
2026-07-12T05:40:01,liberation,100,6
2026-07-12T17:40:03,le_figaro,370,108
2026-07-12T17:40:03,le_capital,35,13
2026-07-12T17:40:03,le_nouvel_observateur,79,22
2026-07-12T17:40:03,le_monde,162,39
2026-07-12T17:40:03,les_echos,86,29
2026-07-12T17:40:03,telerama,31,11
2026-07-12T17:40:03,valeurs_actuelles,33,12
2026-07-12T17:40:03,l_opinion,6,2
2026-07-12T17:40:03,challenges,16,7
2026-07-12T17:40:03,paris_match,100,28
2026-07-12T17:40:03,atlantico,23,11
2026-07-12T17:40:03,la_depeche,997,104
2026-07-12T17:40:03,le_telegramme,795,358
2026-07-12T17:40:03,nice_matin,151,62
2026-07-12T17:40:03,le_journal_du_dimanche,100,29
2026-07-12T17:40:03,sud_ouest,516,184
2026-07-12T17:40:03,mediapart,2519,10
2026-07-12T17:40:03,gala,127,39
2026-07-12T17:40:03,voici,90,30
2026-07-12T17:40:03,bfmtv,499,160
2026-07-12T17:40:03,ouest_france,2468,583
2026-07-12T17:40:03,leparisien,1000,125
2026-07-12T17:40:03,la_croix,99,51
2026-07-12T17:40:03,laprovence,203,82
2026-07-12T17:40:03,marianne,29,7
2026-07-12T17:40:03,midilibre,573,95
2026-07-12T17:40:03,paris_normandie,112,40
2026-07-12T17:40:03,latribune,100,31
2026-07-12T17:40:03,liberation,100,42
2026-07-13T05:40:01,le_figaro,342,49
2026-07-13T05:40:01,le_capital,35,5
2026-07-13T05:40:01,le_nouvel_observateur,56,4
2026-07-13T05:40:01,le_monde,154,29
2026-07-13T05:40:01,les_echos,87,10
2026-07-13T05:40:01,telerama,32,4
2026-07-13T05:40:01,valeurs_actuelles,31,2
2026-07-13T05:40:01,l_opinion,7,1
2026-07-13T05:40:01,challenges,14,0
2026-07-13T05:40:01,paris_match,100,7
2026-07-13T05:40:01,atlantico,23,0
2026-07-13T05:40:01,la_depeche,796,194
2026-07-13T05:40:01,le_telegramme,748,82
2026-07-13T05:40:01,nice_matin,176,43
2026-07-13T05:40:01,le_journal_du_dimanche,100,1
2026-07-13T05:40:01,sud_ouest,538,92
2026-07-13T05:40:01,mediapart,2504,0
2026-07-13T05:40:01,gala,122,17
2026-07-13T05:40:01,voici,72,4
2026-07-13T05:40:01,bfmtv,490,107
2026-07-13T05:40:01,ouest_france,2355,738
2026-07-13T05:40:01,leparisien,1000,49
2026-07-13T05:40:01,la_croix,101,18
2026-07-13T05:40:01,laprovence,200,14
2026-07-13T05:40:01,marianne,16,2
2026-07-13T05:40:01,midilibre,533,135
2026-07-13T05:40:01,paris_normandie,112,6
2026-07-13T05:40:01,latribune,100,7
2026-07-13T05:40:01,liberation,100,16
2026-07-13T17:40:01,le_figaro,369,157
2026-07-13T17:40:01,le_capital,46,20
2026-07-13T17:40:01,le_nouvel_observateur,76,20
2026-07-13T17:40:01,le_monde,153,51
2026-07-13T17:40:01,les_echos,135,63
2026-07-13T17:40:01,telerama,38,22
2026-07-13T17:40:01,valeurs_actuelles,32,17
2026-07-13T17:40:01,l_opinion,22,19
2026-07-13T17:40:01,challenges,22,15
2026-07-13T17:40:01,paris_match,100,41
2026-07-13T17:40:01,atlantico,23,12
2026-07-13T17:40:01,la_depeche,877,142
2026-07-13T17:40:01,le_telegramme,1060,488
2026-07-13T17:40:01,nice_matin,190,76
2026-07-13T17:40:01,le_journal_du_dimanche,100,23
2026-07-13T17:40:01,sud_ouest,690,284
2026-07-13T17:40:01,mediapart,2514,11
2026-07-13T17:40:01,gala,119,43
2026-07-13T17:40:01,voici,74,30
2026-07-13T17:40:01,bfmtv,667,304
2026-07-13T17:40:01,ouest_france,2588,755
2026-07-13T17:40:01,leparisien,1000,191
2026-07-13T17:40:01,la_croix,107,28
2026-07-13T17:40:01,laprovence,225,117
2026-07-13T17:40:01,marianne,27,11
2026-07-13T17:40:01,midilibre,563,94
2026-07-13T17:40:01,paris_normandie,122,66
2026-07-13T17:40:01,latribune,100,33
2026-07-13T17:40:01,liberation,100,40
2026-07-14T05:40:01,le_figaro,376,62
2026-07-14T05:40:01,le_capital,47,6
2026-07-14T05:40:01,le_nouvel_observateur,77,1
2026-07-14T05:40:01,le_monde,154,37
2026-07-14T05:40:01,les_echos,136,2
2026-07-14T05:40:01,telerama,38,2
2026-07-14T05:40:01,valeurs_actuelles,34,3
2026-07-14T05:40:01,l_opinion,24,2
2026-07-14T05:40:01,challenges,23,1
2026-07-14T05:40:01,paris_match,100,4
2026-07-14T05:40:01,atlantico,23,0
2026-07-14T05:40:01,la_depeche,817,241
2026-07-14T05:40:01,le_telegramme,1021,68
2026-07-14T05:40:01,nice_matin,197,28
2026-07-14T05:40:01,le_journal_du_dimanche,100,5
2026-07-14T05:40:01,sud_ouest,734,110
2026-07-14T05:40:01,mediapart,2500,2
2026-07-14T05:40:01,gala,118,18
2026-07-14T05:40:01,voici,70,2
2026-07-14T05:40:01,bfmtv,689,114
2026-07-14T05:40:01,ouest_france,2734,627
2026-07-14T05:40:01,leparisien,1000,85
2026-07-14T05:40:01,la_croix,107,7
2026-07-14T05:40:01,laprovence,233,20
2026-07-14T05:40:01,marianne,22,1
2026-07-14T05:40:01,midilibre,543,157
2026-07-14T05:40:01,paris_normandie,122,8
2026-07-14T05:40:01,latribune,100,4
2026-07-14T05:40:01,liberation,100,20
2026-07-14T17:40:01,le_figaro,410,140
2026-07-14T17:40:01,le_capital,51,14
2026-07-14T17:40:01,le_nouvel_observateur,71,23
2026-07-14T17:40:01,le_monde,163,48
2026-07-14T17:40:01,les_echos,142,44
2026-07-14T17:40:01,telerama,44,17
2026-07-14T17:40:01,valeurs_actuelles,36,14
2026-07-14T17:40:01,l_opinion,34,10
2026-07-14T17:40:01,challenges,24,8
2026-07-14T17:40:01,paris_match,100,35
2026-07-14T17:40:01,atlantico,29,17
2026-07-14T17:40:01,la_depeche,895,136
2026-07-14T17:40:01,le_telegramme,1134,430
2026-07-14T17:40:01,nice_matin,212,82
2026-07-14T17:40:01,le_journal_du_dimanche,100,18
2026-07-14T17:40:01,sud_ouest,761,228
2026-07-14T17:40:01,mediapart,2508,8
2026-07-14T17:40:01,gala,125,46
2026-07-14T17:40:01,voici,66,28
2026-07-14T17:40:01,bfmtv,795,265
2026-07-14T17:40:01,ouest_france,2801,651
2026-07-14T17:40:01,leparisien,1000,146
2026-07-14T17:40:01,la_croix,96,37
2026-07-14T17:40:01,laprovence,268,117
2026-07-14T17:40:01,marianne,30,8
2026-07-14T17:40:01,midilibre,564,88
2026-07-14T17:40:01,paris_normandie,128,49
2026-07-14T17:40:01,latribune,100,21
2026-07-14T17:40:01,liberation,100,45
2026-07-15T01:26:29,cnews,97,31
2026-07-15T01:26:29,20minutes,182,20
2026-07-15T05:40:01,le_figaro,407,49
2026-07-15T05:40:01,le_capital,53,7
2026-07-15T05:40:01,le_nouvel_observateur,59,12
2026-07-15T05:40:01,le_monde,162,28
2026-07-15T05:40:01,les_echos,144,9
2026-07-15T05:40:01,telerama,46,5
2026-07-15T05:40:01,valeurs_actuelles,36,1
2026-07-15T05:40:01,l_opinion,44,12
2026-07-15T05:40:01,challenges,24,0
2026-07-15T05:40:01,paris_match,100,5
2026-07-15T05:40:01,atlantico,29,0
2026-07-15T05:40:01,la_depeche,964,292
2026-07-15T05:40:01,le_telegramme,1082,61
2026-07-15T05:40:01,nice_matin,201,30
2026-07-15T05:40:01,le_journal_du_dimanche,100,4
2026-07-15T05:40:01,sud_ouest,817,128
2026-07-15T05:40:01,mediapart,2493,3
2026-07-15T05:40:01,gala,126,18
2026-07-15T05:40:01,voici,65,3
2026-07-15T05:40:01,bfmtv,814,131
2026-07-15T05:40:01,ouest_france,2780,711
2026-07-15T05:40:01,leparisien,1000,67
2026-07-15T05:40:01,la_croix,85,10
2026-07-15T05:40:01,laprovence,277,23
2026-07-15T05:40:01,marianne,24,2
2026-07-15T05:40:01,midilibre,548,138
2026-07-15T05:40:01,paris_normandie,132,14
2026-07-15T05:40:01,latribune,100,3
2026-07-15T05:40:01,liberation,100,19
2026-07-15T05:40:01,20minutes,180,9
2026-07-15T05:40:01,cnews,98,22
2026-07-15T17:40:01,le_figaro,444,193
2026-07-15T17:40:01,le_capital,59,25
2026-07-15T17:40:01,le_nouvel_observateur,77,18
2026-07-15T17:40:01,le_monde,191,80
2026-07-15T17:40:01,les_echos,153,81
2026-07-15T17:40:01,telerama,39,15
2026-07-15T17:40:01,valeurs_actuelles,34,16
2026-07-15T17:40:01,l_opinion,47,13
2026-07-15T17:40:01,challenges,26,17
2026-07-15T17:40:01,paris_match,100,30
2026-07-15T17:40:01,atlantico,33,16
2026-07-15T17:40:01,la_depeche,999,167
2026-07-15T17:40:01,le_telegramme,1082,466
2026-07-15T17:40:01,nice_matin,224,97
2026-07-15T17:40:01,le_journal_du_dimanche,100,17
2026-07-15T17:40:01,sud_ouest,743,265
2026-07-15T17:40:01,mediapart,2504,15
2026-07-15T17:40:01,gala,133,50
2026-07-15T17:40:01,voici,71,36
2026-07-15T17:40:01,bfmtv,844,333
2026-07-15T17:40:01,ouest_france,2795,772
2026-07-15T17:40:01,leparisien,1000,174
2026-07-15T17:40:01,la_croix,90,32
2026-07-15T17:40:01,laprovence,299,139
2026-07-15T17:40:01,marianne,30,9
2026-07-15T17:40:01,midilibre,605,123
2026-07-15T17:40:01,paris_normandie,130,59
2026-07-15T17:40:01,latribune,100,39
2026-07-15T17:40:01,liberation,100,60
2026-07-15T17:40:01,20minutes,193,111
2026-07-15T17:40:01,cnews,96,65
2026-07-16T05:40:01,le_figaro,453,71
2026-07-16T05:40:01,le_capital,58,5
2026-07-16T05:40:01,le_nouvel_observateur,64,11
2026-07-16T05:40:01,le_monde,188,33
2026-07-16T05:40:01,les_echos,167,16
2026-07-16T05:40:01,telerama,39,2
2026-07-16T05:40:01,valeurs_actuelles,33,1
2026-07-16T05:40:01,l_opinion,56,21
2026-07-16T05:40:01,challenges,25,0
2026-07-16T05:40:01,paris_match,100,10
2026-07-16T05:40:01,atlantico,33,0
2026-07-16T05:40:01,la_depeche,999,301
2026-07-16T05:40:01,le_telegramme,1046,57
2026-07-16T05:40:01,nice_matin,230,38
2026-07-16T05:40:01,le_journal_du_dimanche,100,10
2026-07-16T05:40:01,sud_ouest,783,100
2026-07-16T05:40:01,mediapart,2494,1
2026-07-16T05:40:01,gala,131,17
2026-07-16T05:40:01,voici,83,15
2026-07-16T05:40:01,bfmtv,880,151
2026-07-16T05:40:01,ouest_france,2896,725
2026-07-16T05:40:01,leparisien,1000,60
2026-07-16T05:40:01,la_croix,93,11
2026-07-16T05:40:01,laprovence,296,17
2026-07-16T05:40:01,marianne,22,2
2026-07-16T05:40:01,midilibre,562,148
2026-07-16T05:40:01,paris_normandie,134,11
2026-07-16T05:40:01,latribune,100,7
2026-07-16T05:40:01,liberation,100,23
2026-07-16T05:40:01,20minutes,192,20
2026-07-16T05:40:01,cnews,96,29
2026-07-16T17:40:01,le_figaro,496,187
2026-07-16T17:40:01,le_capital,70,25
2026-07-16T17:40:01,le_nouvel_observateur,80,16
2026-07-16T17:40:01,le_monde,205,64
2026-07-16T17:40:01,les_echos,237,101
2026-07-16T17:40:01,telerama,36,14
2026-07-16T17:40:01,valeurs_actuelles,35,16
2026-07-16T17:40:01,l_opinion,61,15
2026-07-16T17:40:01,challenges,32,15
2026-07-16T17:40:01,paris_match,100,32
2026-07-16T17:40:01,atlantico,28,12
2026-07-16T17:40:01,la_depeche,999,212
2026-07-16T17:40:01,le_telegramme,1046,37
2026-07-16T17:40:01,nice_matin,257,100
2026-07-16T17:40:01,le_journal_du_dimanche,100,19
2026-07-16T17:40:01,sud_ouest,829,310
2026-07-16T17:40:01,mediapart,2508,14
2026-07-16T17:40:01,gala,129,44
2026-07-16T17:40:01,voici,93,36
2026-07-16T17:40:01,bfmtv,920,301
2026-07-16T17:40:01,ouest_france,3039,802
2026-07-16T17:40:01,leparisien,1000,156
2026-07-16T17:40:01,la_croix,96,38
2026-07-16T17:40:01,laprovence,300,122
2026-07-16T17:40:01,marianne,30,13
2026-07-16T17:40:01,midilibre,613,110
2026-07-16T17:40:01,paris_normandie,154,69
2026-07-16T17:40:01,latribune,100,25
2026-07-16T17:40:01,liberation,100,49
2026-07-16T17:40:01,20minutes,255,108
2026-07-16T17:40:01,cnews,98,58
2026-07-17T05:40:01,le_figaro,510,61
2026-07-17T05:40:01,le_capital,70,7
2026-07-17T05:40:01,le_nouvel_observateur,57,3
2026-07-17T05:40:01,le_monde,211,35
2026-07-17T05:40:01,les_echos,249,17
2026-07-17T05:40:01,telerama,34,3
2026-07-17T05:40:01,valeurs_actuelles,34,1
2026-07-17T05:40:01,l_opinion,65,16
2026-07-17T05:40:01,challenges,32,0
2026-07-17T05:40:01,paris_match,100,5
2026-07-17T05:40:01,atlantico,28,0
2026-07-17T05:40:01,la_depeche,999,286
2026-07-17T05:40:01,le_telegramme,1085,492
2026-07-17T05:40:01,nice_matin,254,33
2026-07-17T05:40:01,le_journal_du_dimanche,100,3
2026-07-17T05:40:01,sud_ouest,855,92
2026-07-17T05:40:01,mediapart,2498,4
2026-07-17T05:40:01,gala,132,21
2026-07-17T05:40:01,voici,104,15
2026-07-17T05:40:01,bfmtv,923,137
2026-07-17T05:40:01,ouest_france,2940,601
2026-07-17T05:40:01,leparisien,1000,54
2026-07-17T05:40:01,la_croix,98,12
2026-07-17T05:40:01,laprovence,300,23
2026-07-17T05:40:01,marianne,29,3
2026-07-17T05:40:01,midilibre,607,157
2026-07-17T05:40:01,paris_normandie,157,18
2026-07-17T05:40:01,latribune,100,3
2026-07-17T05:40:01,liberation,100,25
2026-07-17T05:40:01,20minutes,259,21
2026-07-17T05:40:01,cnews,98,24
2026-07-17T17:40:01,le_figaro,485,173
2026-07-17T17:40:01,le_capital,71,27
2026-07-17T17:40:01,le_nouvel_observateur,79,22
2026-07-17T17:40:01,le_monde,204,73
2026-07-17T17:40:01,les_echos,231,69
2026-07-17T17:40:01,telerama,43,25
2026-07-17T17:40:01,valeurs_actuelles,34,13
2026-07-17T17:40:01,l_opinion,63,11
2026-07-17T17:40:01,challenges,33,17
2026-07-17T17:40:01,paris_match,100,28
2026-07-17T17:40:01,atlantico,24,12
2026-07-17T17:40:01,la_depeche,999,169
2026-07-17T17:40:01,le_telegramme,1115,464
2026-07-17T17:40:01,nice_matin,245,88
2026-07-17T17:40:01,le_journal_du_dimanche,100,18
2026-07-17T17:40:01,sud_ouest,816,282
2026-07-17T17:40:01,mediapart,2505,7
2026-07-17T17:40:01,gala,124,42
2026-07-17T17:40:01,voici,103,34
2026-07-17T17:40:01,bfmtv,901,315
2026-07-17T17:40:01,ouest_france,2975,818
2026-07-17T17:40:01,leparisien,1000,160
2026-07-17T17:40:01,la_croix,96,31
2026-07-17T17:40:01,laprovence,286,125
2026-07-17T17:40:01,marianne,30,10
2026-07-17T17:40:01,midilibre,632,113
2026-07-17T17:40:01,paris_normandie,160,62
2026-07-17T17:40:01,latribune,100,33
2026-07-17T17:40:01,liberation,100,49
2026-07-17T17:40:01,20minutes,234,86
2026-07-17T17:40:01,cnews,98,56
2026-07-18T05:40:01,le_figaro,486,66
2026-07-18T05:40:01,le_capital,70,4
2026-07-18T05:40:01,le_nouvel_observateur,46,2
2026-07-18T05:40:01,le_monde,206,35
2026-07-18T05:40:01,les_echos,221,2
2026-07-18T05:40:01,telerama,43,2
2026-07-18T05:40:01,valeurs_actuelles,33,3
2026-07-18T05:40:01,l_opinion,52,10
2026-07-18T05:40:01,challenges,34,1
2026-07-18T05:40:01,paris_match,100,5
2026-07-18T05:40:01,atlantico,24,0
2026-07-18T05:40:01,la_depeche,999,271
2026-07-18T05:40:01,le_telegramme,1090,69
2026-07-18T05:40:01,nice_matin,244,37
2026-07-18T05:40:01,le_journal_du_dimanche,100,0
2026-07-18T05:40:01,sud_ouest,827,95
2026-07-18T05:40:01,mediapart,2498,2
2026-07-18T05:40:01,gala,125,18
2026-07-18T05:40:01,voici,108,19
2026-07-18T05:40:01,bfmtv,866,105
2026-07-18T05:40:01,ouest_france,3077,818
2026-07-18T05:40:01,leparisien,1000,38
2026-07-18T05:40:01,la_croix,96,11
2026-07-18T05:40:01,laprovence,283,14
2026-07-18T05:40:01,marianne,30,1
2026-07-18T05:40:01,midilibre,611,162
2026-07-18T05:40:01,paris_normandie,161,12
2026-07-18T05:40:01,latribune,100,1
2026-07-18T05:40:01,liberation,100,16
2026-07-18T05:40:01,20minutes,229,16
2026-07-18T05:40:01,cnews,97,20
2026-07-18T17:40:01,le_figaro,410,109
2026-07-18T17:40:01,le_capital,54,13
2026-07-18T17:40:01,le_nouvel_observateur,74,28
2026-07-18T17:40:01,le_monde,187,44
2026-07-18T17:40:01,les_echos,155,33
2026-07-18T17:40:01,telerama,42,12
2026-07-18T17:40:01,valeurs_actuelles,29,12
2026-07-18T17:40:01,l_opinion,41,4
2026-07-18T17:40:01,challenges,29,11
2026-07-18T17:40:01,paris_match,100,22
2026-07-18T17:40:01,atlantico,24,12
2026-07-18T17:40:01,la_depeche,999,96
2026-07-18T17:40:01,le_telegramme,895,215
2026-07-18T17:40:01,nice_matin,199,51
2026-07-18T17:40:01,le_journal_du_dimanche,100,16
2026-07-18T17:40:01,sud_ouest,638,146
2026-07-18T17:40:01,mediapart,2507,9
2026-07-18T17:40:01,gala,122,41
2026-07-18T17:40:01,voici,99,27
2026-07-18T17:40:01,bfmtv,659,99
2026-07-18T17:40:01,ouest_france,2696,422
2026-07-18T17:40:01,leparisien,1000,126
2026-07-18T17:40:01,la_croix,79,24
2026-07-18T17:40:01,laprovence,249,87
2026-07-18T17:40:01,marianne,30,4
2026-07-18T17:40:01,midilibre,593,73
2026-07-18T17:40:01,paris_normandie,118,26
2026-07-18T17:40:01,latribune,100,11
2026-07-18T17:40:01,liberation,100,46
2026-07-18T17:40:01,20minutes,174,50
2026-07-18T17:40:01,cnews,96,41
2026-07-19T05:40:02,le_figaro,409,61
2026-07-19T05:40:02,le_capital,51,4
2026-07-19T05:40:02,le_nouvel_observateur,56,2
2026-07-19T05:40:02,le_monde,181,29
2026-07-19T05:40:02,les_echos,147,0
2026-07-19T05:40:02,telerama,40,1
2026-07-19T05:40:02,valeurs_actuelles,32,4
2026-07-19T05:40:02,l_opinion,26,1
2026-07-19T05:40:02,challenges,29,0
2026-07-19T05:40:02,paris_match,100,0
2026-07-19T05:40:02,atlantico,24,0
2026-07-19T05:40:02,la_depeche,887,200
2026-07-19T05:40:02,le_telegramme,855,68
2026-07-19T05:40:02,nice_matin,187,22
2026-07-19T05:40:02,le_journal_du_dimanche,100,12
2026-07-19T05:40:02,sud_ouest,627,57
2026-07-19T05:40:02,mediapart,2496,0
2026-07-19T05:40:02,gala,124,23
2026-07-19T05:40:02,voici,90,6
2026-07-19T05:40:02,bfmtv,587,67
2026-07-19T05:40:02,ouest_france,2617,522
2026-07-19T05:40:02,leparisien,1000,49
2026-07-19T05:40:02,la_croix,76,9
2026-07-19T05:40:02,laprovence,255,28
2026-07-19T05:40:02,marianne,17,0
2026-07-19T05:40:02,midilibre,541,140
2026-07-19T05:40:02,paris_normandie,112,12
2026-07-19T05:40:02,latribune,100,15
2026-07-19T05:40:02,liberation,100,5
2026-07-19T05:40:02,20minutes,162,10
2026-07-19T05:40:02,cnews,96,28
2026-07-19T17:40:02,le_figaro,346,112
2026-07-19T17:40:02,le_capital,34,13
2026-07-19T17:40:02,le_nouvel_observateur,84,28
2026-07-19T17:40:02,le_monde,145,38
2026-07-19T17:40:02,les_echos,85,37
2026-07-19T17:40:02,telerama,25,10
2026-07-19T17:40:02,valeurs_actuelles,33,14
2026-07-19T17:40:02,l_opinion,23,9
2026-07-19T17:40:02,challenges,20,8
2026-07-19T17:40:02,paris_match,100,30
2026-07-19T17:40:02,atlantico,23,11
2026-07-19T17:40:02,la_depeche,837,77
2026-07-19T17:40:02,le_telegramme,788,361
2026-07-19T17:40:02,nice_matin,148,52
2026-07-19T17:40:02,le_journal_du_dimanche,100,22
2026-07-19T17:40:02,sud_ouest,479,170
2026-07-19T17:40:02,mediapart,2506,10
2026-07-19T17:40:02,gala,123,41
2026-07-19T17:40:02,voici,83,27
2026-07-19T17:40:02,bfmtv,400,130
2026-07-19T17:40:02,ouest_france,2340,555
2026-07-19T17:40:02,leparisien,1000,113
2026-07-19T17:40:02,la_croix,86,40
2026-07-19T17:40:02,laprovence,221,92
2026-07-19T17:40:02,marianne,23,6
2026-07-19T17:40:02,midilibre,538,78
2026-07-19T17:40:02,paris_normandie,89,39
2026-07-19T17:40:02,latribune,100,27
2026-07-19T17:40:02,liberation,100,43
2026-07-19T17:40:02,20minutes,122,46
2026-07-19T17:40:02,cnews,96,44
2026-07-20T05:40:02,le_figaro,332,48
2026-07-20T05:40:02,le_capital,34,4
2026-07-20T05:40:02,le_nouvel_observateur,61,3
2026-07-20T05:40:02,le_monde,136,26
2026-07-20T05:40:02,les_echos,92,11
2026-07-20T05:40:02,telerama,26,3
2026-07-20T05:40:02,valeurs_actuelles,31,1
2026-07-20T05:40:02,l_opinion,23,9
2026-07-20T05:40:02,challenges,20,0
2026-07-20T05:40:02,paris_match,100,7
2026-07-20T05:40:02,atlantico,24,1
2026-07-20T05:40:02,la_depeche,682,172
2026-07-20T05:40:02,le_telegramme,740,67
2026-07-20T05:40:02,nice_matin,143,32
2026-07-20T05:40:02,le_journal_du_dimanche,100,2
2026-07-20T05:40:02,sud_ouest,467,67
2026-07-20T05:40:02,mediapart,2493,0
2026-07-20T05:40:02,gala,127,21
2026-07-20T05:40:02,voici,71,6
2026-07-20T05:40:02,bfmtv,383,85
2026-07-20T05:40:02,ouest_france,2217,681
2026-07-20T05:40:02,leparisien,1000,54
2026-07-20T05:40:02,la_croix,87,14
2026-07-20T05:40:02,laprovence,223,16
2026-07-20T05:40:02,marianne,12,2
2026-07-20T05:40:02,midilibre,499,142
2026-07-20T05:40:02,paris_normandie,85,8
2026-07-20T05:40:02,latribune,100,13
2026-07-20T05:40:02,liberation,100,18
2026-07-20T05:40:02,20minutes,115,10
2026-07-20T05:40:02,cnews,97,30
2026-07-20T17:40:01,le_figaro,380,160
2026-07-20T17:40:01,le_capital,52,28
2026-07-20T17:40:01,le_nouvel_observateur,75,14
2026-07-20T17:40:01,le_monde,140,48
2026-07-20T17:40:01,les_echos,141,70
2026-07-20T17:40:01,telerama,28,14
2026-07-20T17:40:01,valeurs_actuelles,34,15
2026-07-20T17:40:01,l_opinion,31,12
2026-07-20T17:40:01,challenges,21,13
2026-07-20T17:40:01,paris_match,100,40
2026-07-20T17:40:01,atlantico,28,16
2026-07-20T17:40:01,la_depeche,750,131
2026-07-20T17:40:01,le_telegramme,960,417
2026-07-20T17:40:01,nice_matin,175,80
2026-07-20T17:40:01,le_journal_du_dimanche,100,19
2026-07-20T17:40:01,sud_ouest,587,225
2026-07-20T17:40:01,mediapart,2500,13
2026-07-20T17:40:01,gala,134,49
2026-07-20T17:40:01,voici,76,33
2026-07-20T17:40:01,bfmtv,645,363
2026-07-20T17:40:01,ouest_france,2479,689
2026-07-20T17:40:01,leparisien,1000,149
2026-07-20T17:40:01,la_croix,91,28
2026-07-20T17:40:01,laprovence,261,125
2026-07-20T17:40:01,marianne,17,5
2026-07-20T17:40:01,midilibre,566,104
2026-07-20T17:40:01,paris_normandie,113,54
2026-07-20T17:40:01,latribune,100,29
2026-07-20T17:40:01,liberation,100,53
2026-07-20T17:40:01,20minutes,176,111
2026-07-20T17:40:01,cnews,96,60
2026-07-21T05:40:02,le_figaro,372,52
2026-07-21T05:40:02,le_capital,53,5
2026-07-21T05:40:02,le_nouvel_observateur,49,3
2026-07-21T05:40:02,le_monde,138,28
2026-07-21T05:40:02,les_echos,161,20
2026-07-21T05:40:02,telerama,29,2
2026-07-21T05:40:02,valeurs_actuelles,34,2
2026-07-21T05:40:02,l_opinion,45,15
2026-07-21T05:40:02,challenges,21,0
2026-07-21T05:40:02,paris_match,100,4
2026-07-21T05:40:02,atlantico,28,0
2026-07-21T05:40:02,la_depeche,808,315
2026-07-21T05:40:02,le_telegramme,923,54
2026-07-21T05:40:02,nice_matin,191,33
2026-07-21T05:40:02,le_journal_du_dimanche,100,1
2026-07-21T05:40:02,sud_ouest,648,107
2026-07-21T05:40:02,mediapart,2483,2
2026-07-21T05:40:02,gala,133,21
2026-07-21T05:40:02,voici,90,20
2026-07-21T05:40:02,bfmtv,687,109
2026-07-21T05:40:02,ouest_france,2650,701
2026-07-21T05:40:02,leparisien,1000,38
2026-07-21T05:40:02,la_croix,100,13
2026-07-21T05:40:02,laprovence,250,18
2026-07-21T05:40:02,marianne,14,1
2026-07-21T05:40:02,midilibre,544,155
2026-07-21T05:40:02,paris_normandie,112,11
2026-07-21T05:40:02,latribune,100,4
2026-07-21T05:40:02,liberation,100,14
2026-07-21T05:40:02,20minutes,181,16
2026-07-21T05:40:02,cnews,97,27
2026-07-21T17:40:01,le_figaro,456,194
2026-07-21T17:40:01,le_capital,69,25
2026-07-21T17:40:01,le_nouvel_observateur,76,27
2026-07-21T17:40:01,le_monde,167,66
2026-07-21T17:40:01,les_echos,214,83
2026-07-21T17:40:01,telerama,50,31
2026-07-21T17:40:01,valeurs_actuelles,32,14
2026-07-21T17:40:01,l_opinion,51,16
2026-07-21T17:40:01,challenges,23,10
2026-07-21T17:40:01,paris_match,100,40
2026-07-21T17:40:01,atlantico,33,16
2026-07-21T17:40:01,la_depeche,902,154
2026-07-21T17:40:01,le_telegramme,1025,430
2026-07-21T17:40:01,nice_matin,225,88
2026-07-21T17:40:01,le_journal_du_dimanche,100,23
2026-07-21T17:40:01,sud_ouest,700,224
2026-07-21T17:40:01,mediapart,2492,9
2026-07-21T17:40:01,gala,138,46
2026-07-21T17:40:01,voici,96,35
2026-07-21T17:40:01,bfmtv,898,341
2026-07-21T17:40:01,ouest_france,2817,713
2026-07-21T17:40:01,leparisien,1000,157
2026-07-21T17:40:01,la_croix,105,44
2026-07-21T17:40:01,laprovence,277,118
2026-07-21T17:40:01,marianne,19,5
2026-07-21T17:40:01,midilibre,604,119
2026-07-21T17:40:01,paris_normandie,126,52
2026-07-21T17:40:01,latribune,100,34
2026-07-21T17:40:01,liberation,100,64
2026-07-21T17:40:01,20minutes,237,102
2026-07-21T17:40:01,cnews,98,69
2026-07-22T05:40:01,le_figaro,483,77
2026-07-22T05:40:01,le_capital,70,5
2026-07-22T05:40:01,le_nouvel_observateur,52,6
2026-07-22T05:40:01,le_monde,176,36
2026-07-22T05:40:01,les_echos,226,17
2026-07-22T05:40:01,telerama,49,2
2026-07-22T05:40:01,valeurs_actuelles,33,1
2026-07-22T05:40:01,l_opinion,60,17
2026-07-22T05:40:01,challenges,24,1
2026-07-22T05:40:01,paris_match,100,7
2026-07-22T05:40:01,atlantico,32,0
2026-07-22T05:40:01,la_depeche,999,365
2026-07-22T05:40:01,le_telegramme,984,55
2026-07-22T05:40:01,nice_matin,223,35
2026-07-22T05:40:01,le_journal_du_dimanche,100,10
2026-07-22T05:40:01,sud_ouest,753,104
2026-07-22T05:40:01,mediapart,2481,4
2026-07-22T05:40:01,gala,139,22
2026-07-22T05:40:01,voici,106,16
2026-07-22T05:40:01,bfmtv,928,113
2026-07-22T05:40:01,ouest_france,2819,690
2026-07-22T05:40:01,leparisien,1000,41
2026-07-22T05:40:01,la_croix,95,9
2026-07-22T05:40:01,laprovence,281,21
2026-07-22T05:40:01,marianne,14,1
2026-07-22T05:40:01,midilibre,574,135
2026-07-22T05:40:01,paris_normandie,131,15
2026-07-22T05:40:01,latribune,100,7
2026-07-22T05:40:01,liberation,100,22
2026-07-22T05:40:01,20minutes,247,19
2026-07-22T05:40:01,cnews,97,22
2026-07-22T17:40:01,le_figaro,504,186
2026-07-22T17:40:01,le_capital,73,30
2026-07-22T17:40:01,le_nouvel_observateur,66,14
2026-07-22T17:40:01,le_monde,191,62
2026-07-22T17:40:01,les_echos,230,86
2026-07-22T17:40:01,telerama,54,16
2026-07-22T17:40:01,valeurs_actuelles,35,18
2026-07-22T17:40:01,l_opinion,64,17
2026-07-22T17:40:01,challenges,25,14
2026-07-22T17:40:01,paris_match,100,53
2026-07-22T17:40:01,atlantico,31,15
2026-07-22T17:40:01,la_depeche,999,181
2026-07-22T17:40:01,le_telegramme,1049,455
2026-07-22T17:40:01,nice_matin,241,99
2026-07-22T17:40:01,le_journal_du_dimanche,100,24
2026-07-22T17:40:01,sud_ouest,708,262
2026-07-22T17:40:01,mediapart,2490,12
2026-07-22T17:40:01,gala,138,48
2026-07-22T17:40:01,voici,108,36
2026-07-22T17:40:01,bfmtv,908,346
2026-07-22T17:40:01,ouest_france,2786,652
2026-07-22T17:40:01,leparisien,1000,151
2026-07-22T17:40:01,la_croix,103,35
2026-07-22T17:40:01,laprovence,279,124
2026-07-22T17:40:01,marianne,24,10
2026-07-22T17:40:01,midilibre,610,114
2026-07-22T17:40:01,paris_normandie,135,57
2026-07-22T17:40:01,latribune,100,39
2026-07-22T17:40:01,liberation,100,67
2026-07-22T17:40:01,20minutes,231,95
2026-07-22T17:40:01,cnews,95,73
2026-07-23T05:40:01,le_figaro,527,73
2026-07-23T05:40:01,le_capital,73,5
2026-07-23T05:40:01,le_nouvel_observateur,54,4
2026-07-23T05:40:01,le_monde,189,27
2026-07-23T05:40:01,les_echos,242,18
2026-07-23T05:40:01,telerama,54,2
2026-07-23T05:40:01,valeurs_actuelles,35,2
2026-07-23T05:40:01,l_opinion,65,15
2026-07-23T05:40:01,challenges,25,0
2026-07-23T05:40:01,paris_match,100,10
2026-07-23T05:40:01,atlantico,31,0
2026-07-23T05:40:01,la_depeche,999,297
2026-07-23T05:40:01,le_telegramme,1032,60
2026-07-23T05:40:01,nice_matin,240,26
2026-07-23T05:40:01,le_journal_du_dimanche,100,5
2026-07-23T05:40:01,sud_ouest,753,123
2026-07-23T05:40:01,mediapart,2480,5
2026-07-23T05:40:01,gala,132,14
2026-07-23T05:40:01,voici,103,15
2026-07-23T05:40:01,bfmtv,905,104
2026-07-23T05:40:01,ouest_france,2800,712
2026-07-23T05:40:01,leparisien,1000,31
2026-07-23T05:40:01,la_croix,101,11
2026-07-23T05:40:01,laprovence,280,19
2026-07-23T05:40:01,marianne,19,2
2026-07-23T05:40:01,midilibre,576,138
2026-07-23T05:40:01,paris_normandie,134,10
2026-07-23T05:40:01,latribune,100,6
2026-07-23T05:40:01,liberation,100,14
2026-07-23T05:40:01,20minutes,235,19
2026-07-23T05:40:01,cnews,96,21
2026-07-23T17:40:02,le_figaro,513,179
2026-07-23T17:40:02,le_capital,74,26
2026-07-23T17:40:02,le_nouvel_observateur,69,15
2026-07-23T17:40:02,le_monde,177,53
2026-07-23T17:40:02,les_echos,240,93
2026-07-23T17:40:02,telerama,44,20
2026-07-23T17:40:02,valeurs_actuelles,34,13
2026-07-23T17:40:02,l_opinion,67,18
2026-07-23T17:40:02,challenges,26,11
2026-07-23T17:40:02,paris_match,100,38
2026-07-23T17:40:02,atlantico,31,16
2026-07-23T17:40:02,la_depeche,999,215
2026-07-23T17:40:02,le_telegramme,1046,59
2026-07-23T17:40:02,nice_matin,232,86
2026-07-23T17:40:02,le_journal_du_dimanche,100,19
2026-07-23T17:40:02,sud_ouest,755,259
2026-07-23T17:40:02,mediapart,2489,9
2026-07-23T17:40:02,gala,135,52
2026-07-23T17:40:02,voici,104,35
2026-07-23T17:40:02,bfmtv,916,351
2026-07-23T17:40:02,ouest_france,2794,717
2026-07-23T17:40:02,leparisien,1000,155
2026-07-23T17:40:02,la_croix,96,35
2026-07-23T17:40:02,laprovence,289,127
2026-07-23T17:40:02,marianne,29,10
2026-07-23T17:40:02,midilibre,622,125
2026-07-23T17:40:02,paris_normandie,133,52
2026-07-23T17:40:02,latribune,100,28
2026-07-23T17:40:02,liberation,100,53
2026-07-23T17:40:02,20minutes,237,102
2026-07-23T17:40:02,cnews,96,77
2026-07-24T05:40:02,le_figaro,498,62
2026-07-24T05:40:02,le_capital,75,6
2026-07-24T05:40:02,le_nouvel_observateur,42,5
2026-07-24T05:40:02,le_monde,174,33
2026-07-24T05:40:02,les_echos,250,20
2026-07-24T05:40:02,telerama,44,2
2026-07-24T05:40:02,valeurs_actuelles,35,2
2026-07-24T05:40:02,l_opinion,62,12
2026-07-24T05:40:02,challenges,25,0
2026-07-24T05:40:02,paris_match,100,4
2026-07-24T05:40:02,atlantico,31,0
2026-07-24T05:40:02,la_depeche,999,325
2026-07-24T05:40:02,le_telegramme,1055,451
2026-07-24T05:40:02,nice_matin,229,31
2026-07-24T05:40:02,le_journal_du_dimanche,100,3
2026-07-24T05:40:02,sud_ouest,804,115
2026-07-24T05:40:02,mediapart,2481,6
2026-07-24T05:40:02,gala,132,19
2026-07-24T05:40:02,voici,107,20
2026-07-24T05:40:02,bfmtv,899,96
2026-07-24T05:40:02,ouest_france,2808,702
2026-07-24T05:40:02,leparisien,1000,38
2026-07-24T05:40:02,la_croix,94,9
2026-07-24T05:40:02,laprovence,293,24
2026-07-24T05:40:02,marianne,26,3
2026-07-24T05:40:02,midilibre,574,129
2026-07-24T05:40:02,paris_normandie,131,12
2026-07-24T05:40:02,latribune,100,4
2026-07-24T05:40:02,liberation,100,19
2026-07-24T05:40:02,20minutes,239,23
2026-07-24T05:40:02,cnews,96,28
2026-07-24T17:40:01,le_figaro,495,182
2026-07-24T17:40:01,le_capital,73,27
2026-07-24T17:40:01,le_nouvel_observateur,58,16
2026-07-24T17:40:01,le_monde,172,60
2026-07-24T17:40:01,les_echos,229,66
2026-07-24T17:40:01,telerama,43,20
2026-07-24T17:40:01,valeurs_actuelles,33,16
2026-07-24T17:40:01,l_opinion,59,16
2026-07-24T17:40:01,challenges,23,12
2026-07-24T17:40:01,paris_match,100,35
2026-07-24T17:40:01,atlantico,30,14
2026-07-24T17:40:01,la_depeche,999,184
2026-07-24T17:40:01,le_telegramme,1075,451
2026-07-24T17:40:01,nice_matin,194,61
2026-07-24T17:40:01,le_journal_du_dimanche,100,21
2026-07-24T17:40:01,sud_ouest,754,238
2026-07-24T17:40:01,mediapart,2491,13
2026-07-24T17:40:01,gala,133,49
2026-07-24T17:40:01,voici,108,38
2026-07-24T17:40:01,bfmtv,876,327
2026-07-24T17:40:01,ouest_france,2868,718
2026-07-24T17:40:01,leparisien,1000,146
2026-07-24T17:40:01,la_croix,96,36
2026-07-24T17:40:01,laprovence,272,102
2026-07-24T17:40:01,marianne,30,10
2026-07-24T17:40:01,midilibre,600,103
2026-07-24T17:40:01,paris_normandie,132,58
2026-07-24T17:40:01,latribune,100,24
2026-07-24T17:40:01,liberation,100,50
2026-07-24T17:40:01,20minutes,221,80
2026-07-24T17:40:01,cnews,97,62
2026-07-25T05:40:01,le_figaro,476,52
2026-07-25T05:40:01,le_capital,72,4
2026-07-25T05:40:01,le_nouvel_observateur,39,1
2026-07-25T05:40:01,le_monde,168,23
2026-07-25T05:40:01,les_echos,226,4
2026-07-25T05:40:01,telerama,43,2
2026-07-25T05:40:01,valeurs_actuelles,35,4
2026-07-25T05:40:01,l_opinion,50,4
2026-07-25T05:40:01,challenges,24,1
2026-07-25T05:40:01,paris_match,100,5
2026-07-25T05:40:01,atlantico,30,0
2026-07-25T05:40:01,la_depeche,999,344
2026-07-25T05:40:01,le_telegramme,1054,58
2026-07-25T05:40:01,nice_matin,195,28
2026-07-25T05:40:01,le_journal_du_dimanche,100,0
2026-07-25T05:40:01,sud_ouest,785,105
2026-07-25T05:40:01,mediapart,2486,5
2026-07-25T05:40:01,gala,136,18
2026-07-25T05:40:01,voici,108,12
2026-07-25T05:40:01,bfmtv,886,110
2026-07-25T05:40:01,ouest_france,2846,681
2026-07-25T05:40:01,leparisien,1000,30
2026-07-25T05:40:01,la_croix,104,18
2026-07-25T05:40:01,laprovence,279,27
2026-07-25T05:40:01,marianne,30,1
2026-07-25T05:40:01,midilibre,543,114
2026-07-25T05:40:01,paris_normandie,134,12
2026-07-25T05:40:01,latribune,100,1
2026-07-25T05:40:01,liberation,100,10
2026-07-25T05:40:01,20minutes,217,14
2026-07-25T05:40:01,cnews,96,18
2026-07-25T17:40:01,le_figaro,399,103
2026-07-25T17:40:01,le_capital,56,14
2026-07-25T17:40:01,le_nouvel_observateur,64,25
2026-07-25T17:40:01,le_monde,152,37
2026-07-25T17:40:01,les_echos,154,37
2026-07-25T17:40:01,telerama,42,18
2026-07-25T17:40:01,valeurs_actuelles,37,15
2026-07-25T17:40:01,l_opinion,36,4
2026-07-25T17:40:01,challenges,20,7
2026-07-25T17:40:01,paris_match,100,35
2026-07-25T17:40:01,atlantico,27,13
2026-07-25T17:40:01,la_depeche,999,126
2026-07-25T17:40:01,le_telegramme,823,183
2026-07-25T17:40:01,nice_matin,168,65
2026-07-25T17:40:01,le_journal_du_dimanche,100,10
2026-07-25T17:40:01,sud_ouest,607,147
2026-07-25T17:40:01,mediapart,2494,8
2026-07-25T17:40:01,gala,125,39
2026-07-25T17:40:01,voici,97,24
2026-07-25T17:40:01,bfmtv,669,136
2026-07-25T17:40:01,ouest_france,2561,446
2026-07-25T17:40:01,leparisien,1000,104
2026-07-25T17:40:01,la_croix,96,21
2026-07-25T17:40:01,laprovence,241,88
2026-07-25T17:40:01,marianne,29,4
2026-07-25T17:40:01,midilibre,546,78
2026-07-25T17:40:01,paris_normandie,120,39
2026-07-25T17:40:01,latribune,100,11
2026-07-25T17:40:01,liberation,100,34
2026-07-25T17:40:01,20minutes,168,52
2026-07-25T17:40:01,cnews,97,38
2026-07-26T05:40:01,le_figaro,373,37
2026-07-26T05:40:01,le_capital,53,3
2026-07-26T05:40:01,le_nouvel_observateur,46,1
2026-07-26T05:40:01,le_monde,151,32
2026-07-26T05:40:01,les_echos,146,1
2026-07-26T05:40:01,telerama,42,2
2026-07-26T05:40:01,valeurs_actuelles,37,1
2026-07-26T05:40:01,l_opinion,24,0
2026-07-26T05:40:01,challenges,21,1
2026-07-26T05:40:01,paris_match,100,3
2026-07-26T05:40:01,atlantico,27,0
2026-07-26T05:40:01,la_depeche,999,209
2026-07-26T05:40:01,le_telegramme,791,69
2026-07-26T05:40:01,nice_matin,157,13
2026-07-26T05:40:01,le_journal_du_dimanche,100,13
2026-07-26T05:40:01,sud_ouest,591,53
2026-07-26T05:40:01,mediapart,2480,0
2026-07-26T05:40:01,gala,127,21
2026-07-26T05:40:01,voici,80,1
2026-07-26T05:40:01,bfmtv,645,66
2026-07-26T05:40:01,ouest_france,2352,481
2026-07-26T05:40:01,leparisien,1000,28
2026-07-26T05:40:01,la_croix,89,8
2026-07-26T05:40:01,laprovence,238,19
2026-07-26T05:40:01,marianne,29,0
2026-07-26T05:40:01,midilibre,470,101
2026-07-26T05:40:01,paris_normandie,114,5
2026-07-26T05:40:01,latribune,100,10
2026-07-26T05:40:01,liberation,100,5
2026-07-26T05:40:01,20minutes,158,14
2026-07-26T05:40:01,cnews,93,21
2026-07-26T17:40:01,le_figaro,278,84
2026-07-26T17:40:01,le_capital,34,13
2026-07-26T17:40:01,le_nouvel_observateur,69,23
2026-07-26T17:40:01,le_monde,120,30
2026-07-26T17:40:01,les_echos,84,29
2026-07-26T17:40:01,telerama,32,10
2026-07-26T17:40:01,valeurs_actuelles,37,17
2026-07-26T17:40:01,l_opinion,18,12
2026-07-26T17:40:01,challenges,20,11
2026-07-26T17:40:01,paris_match,100,33
2026-07-26T17:40:01,atlantico,25,12
2026-07-26T17:40:01,la_depeche,984,109
2026-07-26T17:40:01,le_telegramme,712,320
2026-07-26T17:40:01,nice_matin,144,47
2026-07-26T17:40:01,le_journal_du_dimanche,100,24
2026-07-26T17:40:01,sud_ouest,461,160
2026-07-26T17:40:01,mediapart,2492,12
2026-07-26T17:40:01,gala,115,37
2026-07-26T17:40:01,voici,69,26
2026-07-26T17:40:01,bfmtv,418,108
2026-07-26T17:40:01,ouest_france,2136,516
2026-07-26T17:40:01,leparisien,1000,92
2026-07-26T17:40:01,la_croix,93,41
2026-07-26T17:40:01,laprovence,191,57
2026-07-26T17:40:01,marianne,24,7
2026-07-26T17:40:01,midilibre,469,73
2026-07-26T17:40:01,paris_normandie,96,41
2026-07-26T17:40:01,latribune,100,27
2026-07-26T17:40:01,liberation,89,29
2026-07-26T17:40:01,20minutes,119,38
2026-07-26T17:40:01,cnews,92,39
2026-07-27T05:40:02,le_figaro,270,45
2026-07-27T05:40:02,le_capital,34,4
2026-07-27T05:40:02,le_nouvel_observateur,69,0
2026-07-27T05:40:02,le_monde,115,19
2026-07-27T05:40:02,les_echos,91,12
2026-07-27T05:40:02,telerama,34,4
2026-07-27T05:40:02,valeurs_actuelles,34,1
2026-07-27T05:40:02,l_opinion,19,3
2026-07-27T05:40:02,challenges,21,2
2026-07-27T05:40:02,paris_match,100,2
2026-07-27T05:40:02,atlantico,25,0
2026-07-27T05:40:02,la_depeche,754,162
2026-07-27T05:40:02,le_telegramme,658,63
2026-07-27T05:40:02,nice_matin,135,25
2026-07-27T05:40:02,le_journal_du_dimanche,100,4
2026-07-27T05:40:02,sud_ouest,489,103
2026-07-27T05:40:02,mediapart,2478,3
2026-07-27T05:40:02,gala,119,22
2026-07-27T05:40:02,voici,64,9
2026-07-27T05:40:02,bfmtv,369,58
2026-07-27T05:40:02,ouest_france,2097,636
2026-07-27T05:40:02,leparisien,1000,33
2026-07-27T05:40:02,la_croix,86,11
2026-07-27T05:40:02,laprovence,182,18
2026-07-27T05:40:02,marianne,24,0
2026-07-27T05:40:02,midilibre,416,107
2026-07-27T05:40:02,paris_normandie,93,9
2026-07-27T05:40:02,latribune,100,10
2026-07-27T05:40:02,liberation,94,15
2026-07-27T05:40:02,20minutes,121,17
2026-07-27T05:40:02,cnews,91,23
2026-07-27T17:40:02,le_figaro,319,154
2026-07-27T17:40:02,le_capital,48,25
2026-07-27T17:40:02,le_nouvel_observateur,70,21
2026-07-27T17:40:02,le_monde,122,43
2026-07-27T17:40:02,les_echos,145,70
2026-07-27T17:40:02,telerama,27,13
2026-07-27T17:40:02,valeurs_actuelles,34,14
2026-07-27T17:40:02,l_opinion,28,13
2026-07-27T17:40:02,challenges,22,8
2026-07-27T17:40:02,paris_match,100,35
2026-07-27T17:40:02,atlantico,27,15
2026-07-27T17:40:02,la_depeche,840,160
2026-07-27T17:40:02,le_telegramme,987,464
2026-07-27T17:40:02,nice_matin,198,116
2026-07-27T17:40:02,le_journal_du_dimanche,100,16
2026-07-27T17:40:02,sud_ouest,590,239
2026-07-27T17:40:02,mediapart,2486,9
2026-07-27T17:40:02,gala,119,39
2026-07-27T17:40:02,voici,74,35
2026-07-27T17:40:02,bfmtv,538,305
2026-07-27T17:40:02,ouest_france,2300,643
2026-07-27T17:40:02,leparisien,1000,135
2026-07-27T17:40:02,la_croix,94,29
2026-07-27T17:40:02,laprovence,178,84
2026-07-27T17:40:02,marianne,19,8
2026-07-27T17:40:02,midilibre,470,97
2026-07-27T17:40:02,paris_normandie,108,53
2026-07-27T17:40:02,latribune,100,27
2026-07-27T17:40:02,liberation,100,43
2026-07-27T17:40:02,20minutes,154,85
2026-07-27T17:40:02,cnews,97,66
2026-07-28T05:40:01,le_figaro,337,55
2026-07-28T05:40:01,le_capital,49,4
2026-07-28T05:40:01,le_nouvel_observateur,46,1
2026-07-28T05:40:01,le_monde,124,33
2026-07-28T05:40:01,les_echos,153,9
2026-07-28T05:40:01,telerama,27,2
2026-07-28T05:40:01,valeurs_actuelles,35,2
2026-07-28T05:40:01,l_opinion,39,11
2026-07-28T05:40:01,challenges,21,0
2026-07-28T05:40:01,paris_match,100,7
2026-07-28T05:40:01,atlantico,27,0
2026-07-28T05:40:01,la_depeche,863,299
2026-07-28T05:40:01,le_telegramme,925,44
2026-07-28T05:40:01,nice_matin,202,24
2026-07-28T05:40:01,le_journal_du_dimanche,100,3
2026-07-28T05:40:01,sud_ouest,638,95
2026-07-28T05:40:01,mediapart,2477,6
2026-07-28T05:40:01,gala,118,20
2026-07-28T05:40:01,voici,88,15
2026-07-28T05:40:01,bfmtv,562,91
2026-07-28T05:40:01,ouest_france,2460,647
2026-07-28T05:40:01,leparisien,1000,48
2026-07-28T05:40:01,la_croix,98,8
2026-07-28T05:40:01,laprovence,181,22
2026-07-28T05:40:01,marianne,17,2
2026-07-28T05:40:01,midilibre,459,122
2026-07-28T05:40:01,paris_normandie,114,11
2026-07-28T05:40:01,latribune,100,4
2026-07-28T05:40:01,liberation,100,16
2026-07-28T05:40:01,20minutes,161,21
2026-07-28T05:40:01,cnews,98,26
2026-07-28T17:40:01,le_figaro,408,158
2026-07-28T17:40:01,le_capital,68,29
2026-07-28T17:40:01,le_nouvel_observateur,74,28
2026-07-28T17:40:01,le_monde,135,41
2026-07-28T17:40:01,les_echos,211,82
2026-07-28T17:40:01,telerama,43,25
2026-07-28T17:40:01,valeurs_actuelles,32,14
2026-07-28T17:40:01,l_opinion,45,18
2026-07-28T17:40:01,challenges,25,15
2026-07-28T17:40:01,paris_match,100,42
2026-07-28T17:40:01,atlantico,30,15
2026-07-28T17:40:01,la_depeche,971,165
2026-07-28T17:40:01,le_telegramme,1054,439
2026-07-28T17:40:01,nice_matin,235,82
2026-07-28T17:40:01,le_journal_du_dimanche,100,24
2026-07-28T17:40:01,sud_ouest,704,226
2026-07-28T17:40:01,mediapart,2490,14
2026-07-28T17:40:01,gala,117,36
2026-07-28T17:40:01,voici,98,38
2026-07-28T17:40:01,bfmtv,756,299
2026-07-28T17:40:01,ouest_france,2675,734
2026-07-28T17:40:01,leparisien,1000,157
2026-07-28T17:40:01,la_croix,85,30
2026-07-28T17:40:01,laprovence,228,104
2026-07-28T17:40:01,marianne,26,9
2026-07-28T17:40:01,midilibre,545,115
2026-07-28T17:40:01,paris_normandie,133,60
2026-07-28T17:40:01,latribune,100,22
2026-07-28T17:40:01,liberation,100,53
2026-07-28T17:40:01,20minutes,289,168
2026-07-28T17:40:01,cnews,99,69
2026-07-29T05:40:01,le_figaro,434,71
2026-07-29T05:40:01,le_capital,68,4
2026-07-29T05:40:01,le_nouvel_observateur,53,3
2026-07-29T05:40:01,le_monde,148,32
2026-07-29T05:40:01,les_echos,212,9
2026-07-29T05:40:01,telerama,42,2
2026-07-29T05:40:01,valeurs_actuelles,33,1
2026-07-29T05:40:01,l_opinion,53,11
2026-07-29T05:40:01,challenges,24,0
2026-07-29T05:40:01,paris_match,100,6
2026-07-29T05:40:01,atlantico,30,0
2026-07-29T05:40:01,la_depeche,999,304
2026-07-29T05:40:01,le_telegramme,1026,50
2026-07-29T05:40:01,nice_matin,237,26
2026-07-29T05:40:01,le_journal_du_dimanche,100,7
2026-07-29T05:40:01,sud_ouest,707,75
2026-07-29T05:40:01,mediapart,2477,1
2026-07-29T05:40:01,gala,112,17
2026-07-29T05:40:01,voici,104,13
2026-07-29T05:40:01,bfmtv,788,89
2026-07-29T05:40:01,ouest_france,2675,633
2026-07-29T05:40:01,leparisien,1000,38
2026-07-29T05:40:01,la_croix,78,8
2026-07-29T05:40:01,laprovence,225,15
2026-07-29T05:40:01,marianne,22,3
2026-07-29T05:40:01,midilibre,533,126
2026-07-29T05:40:01,paris_normandie,134,10
2026-07-29T05:40:01,latribune,100,3
2026-07-29T05:40:01,liberation,100,23
2026-07-29T05:40:01,20minutes,293,20
2026-07-29T05:40:01,cnews,99,33
2026-07-29T17:40:01,le_figaro,445,163
2026-07-29T17:40:01,le_capital,69,26
2026-07-29T17:40:01,le_nouvel_observateur,71,18
2026-07-29T17:40:01,le_monde,163,57
2026-07-29T17:40:01,les_echos,210,77
2026-07-29T17:40:01,telerama,42,14
2026-07-29T17:40:01,valeurs_actuelles,29,12
2026-07-29T17:40:01,l_opinion,52,13
2026-07-29T17:40:01,challenges,21,6
2026-07-29T17:40:01,paris_match,100,49
2026-07-29T17:40:01,atlantico,30,15
2026-07-29T17:40:01,la_depeche,999,226
2026-07-29T17:40:01,le_telegramme,1055,438
2026-07-29T17:40:01,nice_matin,223,104
2026-07-29T17:40:01,le_journal_du_dimanche,100,24
2026-07-29T17:40:01,sud_ouest,676,236
2026-07-29T17:40:01,mediapart,2488,11
2026-07-29T17:40:01,gala,109,37
2026-07-29T17:40:01,voici,108,39
2026-07-29T17:40:01,bfmtv,743,271
2026-07-29T17:40:01,ouest_france,2713,673
2026-07-29T17:40:01,leparisien,1000,154
2026-07-29T17:40:01,la_croix,84,35
2026-07-29T17:40:01,laprovence,263,122
2026-07-29T17:40:01,marianne,28,6
2026-07-29T17:40:01,midilibre,572,102
2026-07-29T17:40:01,paris_normandie,144,63
2026-07-29T17:40:01,latribune,100,25
2026-07-29T17:40:01,liberation,100,51
2026-07-29T17:40:01,20minutes,331,126
2026-07-29T17:40:01,cnews,100,66
2026-07-30T05:40:01,le_figaro,455,66
2026-07-30T05:40:01,le_capital,68,3
2026-07-30T05:40:01,le_nouvel_observateur,54,5
2026-07-30T05:40:01,le_monde,161,33
2026-07-30T05:40:01,les_echos,223,14
2026-07-30T05:40:01,telerama,42,2
2026-07-30T05:40:01,valeurs_actuelles,29,1
2026-07-30T05:40:01,l_opinion,50,8
2026-07-30T05:40:01,challenges,23,2
2026-07-30T05:40:01,paris_match,100,8
2026-07-30T05:40:01,atlantico,30,0
2026-07-30T05:40:01,la_depeche,999,281
2026-07-30T05:40:01,le_telegramme,1005,52
2026-07-30T05:40:01,nice_matin,229,27
2026-07-30T05:40:01,le_journal_du_dimanche,100,5
2026-07-30T05:40:01,sud_ouest,718,101
2026-07-30T05:40:01,mediapart,2476,3
2026-07-30T05:40:01,gala,108,18
2026-07-30T05:40:01,voici,108,15
2026-07-30T05:40:01,bfmtv,735,75
2026-07-30T05:40:01,ouest_france,2710,631
2026-07-30T05:40:01,leparisien,1000,33
2026-07-30T05:40:01,la_croix,84,9
2026-07-30T05:40:01,laprovence,267,26
2026-07-30T05:40:01,marianne,23,3
2026-07-30T05:40:01,midilibre,557,137
2026-07-30T05:40:01,paris_normandie,145,12
2026-07-30T05:40:01,latribune,100,8
2026-07-30T05:40:01,liberation,100,17
2026-07-30T05:40:01,20minutes,332,22
2026-07-30T05:40:01,cnews,99,28
2026-07-30T17:40:02,le_figaro,476,177
2026-07-30T17:40:02,le_capital,67,27
2026-07-30T17:40:02,le_nouvel_observateur,70,16
2026-07-30T17:40:02,le_monde,175,55
2026-07-30T17:40:02,les_echos,229,81
2026-07-30T17:40:02,telerama,35,15
2026-07-30T17:40:02,valeurs_actuelles,26,12
2026-07-30T17:40:02,l_opinion,47,16
2026-07-30T17:40:02,challenges,17,9
2026-07-30T17:40:02,paris_match,100,40
2026-07-30T17:40:02,atlantico,27,12
2026-07-30T17:40:02,la_depeche,999,232
2026-07-30T17:40:02,le_telegramme,1083,156
2026-07-30T17:40:02,nice_matin,227,81
2026-07-30T17:40:02,le_journal_du_dimanche,100,20
2026-07-30T17:40:02,sud_ouest,683,237
2026-07-30T17:40:02,mediapart,2486,10
2026-07-30T17:40:02,gala,115,43
2026-07-30T17:40:02,voici,109,36
2026-07-30T17:40:02,bfmtv,757,324
2026-07-30T17:40:02,ouest_france,2636,667
2026-07-30T17:40:02,leparisien,1000,138
2026-07-30T17:40:02,la_croix,87,30
2026-07-30T17:40:02,laprovence,261,98
2026-07-30T17:40:02,marianne,30,11
2026-07-30T17:40:02,midilibre,582,103
2026-07-30T17:40:02,paris_normandie,144,59
2026-07-30T17:40:02,latribune,100,24
2026-07-30T17:40:02,liberation,100,45
2026-07-30T17:40:02,20minutes,256,92
2026-07-30T17:40:02,cnews,96,62
2026-07-31T05:40:01,le_figaro,475,70
2026-07-31T05:40:01,le_capital,69,6
2026-07-31T05:40:01,le_nouvel_observateur,46,4
2026-07-31T05:40:01,le_monde,174,31
2026-07-31T05:40:01,les_echos,239,15
2026-07-31T05:40:01,telerama,36,3
2026-07-31T05:40:01,valeurs_actuelles,26,1
2026-07-31T05:40:01,l_opinion,44,7
2026-07-31T05:40:01,challenges,17,0
2026-07-31T05:40:01,paris_match,100,5
2026-07-31T05:40:01,atlantico,27,0
2026-07-31T05:40:01,la_depeche,999,298
2026-07-31T05:40:01,le_telegramme,1048,378
2026-07-31T05:40:01,nice_matin,245,47
2026-07-31T05:40:01,le_journal_du_dimanche,100,2
2026-07-31T05:40:01,sud_ouest,730,105
2026-07-31T05:40:01,mediapart,2474,4
2026-07-31T05:40:01,gala,118,20
2026-07-31T05:40:01,voici,109,15
2026-07-31T05:40:01,bfmtv,758,86
2026-07-31T05:40:01,ouest_france,2665,663
2026-07-31T05:40:01,leparisien,1000,39
2026-07-31T05:40:01,la_croix,85,7
2026-07-31T05:40:01,laprovence,266,20
2026-07-31T05:40:01,marianne,25,3
2026-07-31T05:40:01,midilibre,559,146
2026-07-31T05:40:01,paris_normandie,145,11
2026-07-31T05:40:01,latribune,100,4
2026-07-31T05:40:01,liberation,100,16
2026-07-31T05:40:01,20minutes,252,16
2026-07-31T05:40:01,cnews,96,26
2026-07-31T17:40:02,le_figaro,469,156
2026-07-31T17:40:02,le_capital,67,24
2026-07-31T17:40:02,le_nouvel_observateur,61,15
2026-07-31T17:40:02,le_monde,161,43
2026-07-31T17:40:02,les_echos,203,72
2026-07-31T17:40:02,telerama,37,16
2026-07-31T17:40:02,valeurs_actuelles,26,12
2026-07-31T17:40:02,l_opinion,42,13
2026-07-31T17:40:02,challenges,18,7
2026-07-31T17:40:02,paris_match,100,36
2026-07-31T17:40:02,atlantico,26,14
2026-07-31T17:40:02,la_depeche,999,162
2026-07-31T17:40:02,le_telegramme,1070,415
2026-07-31T17:40:02,nice_matin,233,86
2026-07-31T17:40:02,le_journal_du_dimanche,100,13
2026-07-31T17:40:02,sud_ouest,688,209
2026-07-31T17:40:02,mediapart,2482,9
2026-07-31T17:40:02,gala,115,34
2026-07-31T17:40:02,voici,105,35
2026-07-31T17:40:02,bfmtv,760,274
2026-07-31T17:40:02,ouest_france,0,0
2026-07-31T17:40:02,leparisien,1000,140
2026-07-31T17:40:02,la_croix,82,32
2026-07-31T17:40:02,laprovence,267,125
2026-07-31T17:40:02,marianne,30,12
2026-07-31T17:40:02,midilibre,613,101
2026-07-31T17:40:02,paris_normandie,135,52
2026-07-31T17:40:02,latribune,100,22
2026-07-31T17:40:02,liberation,100,48
2026-07-31T17:40:02,20minutes,215,88
2026-07-31T17:40:02,cnews,100,66
2026-08-01T05:40:01,le_figaro,455,50
2026-08-01T05:40:01,le_capital,69,5
2026-08-01T05:40:01,le_nouvel_observateur,41,3
2026-08-01T05:40:01,le_monde,160,31
2026-08-01T05:40:01,les_echos,194,1
2026-08-01T05:40:01,telerama,37,2
2026-08-01T05:40:01,valeurs_actuelles,27,2
2026-08-01T05:40:01,l_opinion,38,2
2026-08-01T05:40:01,challenges,17,1
2026-08-01T05:40:01,paris_match,100,5
2026-08-01T05:40:01,atlantico,26,0
2026-08-01T05:40:01,la_depeche,999,292
2026-08-01T05:40:01,le_telegramme,1048,75
2026-08-01T05:40:01,nice_matin,240,36
2026-08-01T05:40:01,le_journal_du_dimanche,100,1
2026-08-01T05:40:01,sud_ouest,724,99
2026-08-01T05:40:01,mediapart,2472,0
2026-08-01T05:40:01,gala,115,18
2026-08-01T05:40:01,voici,104,14
2026-08-01T05:40:01,bfmtv,760,70
2026-08-01T05:40:01,ouest_france,0,0
2026-08-01T05:40:01,leparisien,1000,32
2026-08-01T05:40:01,la_croix,86,11
2026-08-01T05:40:01,laprovence,258,15
2026-08-01T05:40:01,marianne,30,1
2026-08-01T05:40:01,midilibre,578,135
2026-08-01T05:40:01,paris_normandie,133,11
2026-08-01T05:40:01,latribune,100,1
2026-08-01T05:40:01,liberation,100,17
2026-08-01T05:40:01,20minutes,205,12
2026-08-01T05:40:01,cnews,98,25
2026-08-01T17:40:01,le_figaro,376,99
2026-08-01T17:40:01,le_capital,49,10
2026-08-01T17:40:01,le_nouvel_observateur,65,24
2026-08-01T17:40:01,le_monde,135,31
2026-08-01T17:40:01,les_echos,147,30
2026-08-01T17:40:01,telerama,30,9
2026-08-01T17:40:01,valeurs_actuelles,27,12
2026-08-01T17:40:01,l_opinion,28,6
2026-08-01T17:40:01,challenges,17,9
2026-08-01T17:40:01,paris_match,100,24
2026-08-01T17:40:01,atlantico,27,13
2026-08-01T17:40:01,la_depeche,999,96
2026-08-01T17:40:01,le_telegramme,852,211
2026-08-01T17:40:01,nice_matin,206,59
2026-08-01T17:40:01,le_journal_du_dimanche,100,12
2026-08-01T17:40:01,sud_ouest,574,136
2026-08-01T17:40:01,mediapart,2483,11
2026-08-01T17:40:01,gala,122,50
2026-08-01T17:40:01,voici,91,24
2026-08-01T17:40:01,bfmtv,568,140
2026-08-01T17:40:01,ouest_france,0,0
2026-08-01T17:40:01,leparisien,1000,111
2026-08-01T17:40:01,la_croix,69,16
2026-08-01T17:40:01,laprovence,246,86
2026-08-01T17:40:01,marianne,30,4
2026-08-01T17:40:01,midilibre,575,76
2026-08-01T17:40:01,paris_normandie,105,31
2026-08-01T17:40:01,latribune,100,10
2026-08-01T17:40:01,liberation,100,41
2026-08-01T17:40:01,20minutes,154,39
2026-08-01T17:40:01,cnews,94,37
2026-08-02T05:40:01,le_figaro,344,36
2026-08-02T05:40:01,le_capital,47,4
2026-08-02T05:40:01,le_nouvel_observateur,45,1
2026-08-02T05:40:01,le_monde,129,24
2026-08-02T05:40:01,les_echos,133,0
2026-08-02T05:40:01,telerama,29,2
2026-08-02T05:40:01,valeurs_actuelles,27,1
2026-08-02T05:40:01,l_opinion,21,0
2026-08-02T05:40:01,challenges,17,0
2026-08-02T05:40:01,paris_match,100,2
2026-08-02T05:40:01,atlantico,27,0
2026-08-02T05:40:01,la_depeche,900,193
2026-08-02T05:40:01,le_telegramme,812,75
2026-08-02T05:40:01,nice_matin,173,6
2026-08-02T05:40:01,le_journal_du_dimanche,100,4
2026-08-02T05:40:01,sud_ouest,539,35
2026-08-02T05:40:01,mediapart,2472,0
2026-08-02T05:40:01,gala,118,16
2026-08-02T05:40:01,voici,82,5
2026-08-02T05:40:01,bfmtv,556,70
2026-08-02T05:40:01,ouest_france,0,0
2026-08-02T05:40:01,leparisien,1000,22
2026-08-02T05:40:01,la_croix,66,7
2026-08-02T05:40:01,laprovence,240,15
2026-08-02T05:40:01,marianne,30,0
2026-08-02T05:40:01,midilibre,507,111
2026-08-02T05:40:01,paris_normandie,96,2
2026-08-02T05:40:01,latribune,100,9
2026-08-02T05:40:01,liberation,100,3
2026-08-02T05:40:01,20minutes,153,12
2026-08-02T05:40:01,cnews,92,22
2026-08-02T17:40:01,le_figaro,286,101
2026-08-02T17:40:01,le_capital,32,12
2026-08-02T17:40:01,le_nouvel_observateur,65,20
2026-08-02T17:40:01,le_monde,119,33
2026-08-02T17:40:01,les_echos,64,22
2026-08-02T17:40:01,telerama,23,10
2026-08-02T17:40:01,valeurs_actuelles,27,12
2026-08-02T17:40:01,l_opinion,14,7
2026-08-02T17:40:01,challenges,19,9
2026-08-02T17:40:01,paris_match,100,24
2026-08-02T17:40:01,atlantico,24,11
2026-08-02T17:40:01,la_depeche,865,87
2026-08-02T17:40:01,le_telegramme,751,324
2026-08-02T17:40:01,nice_matin,133,49
2026-08-02T17:40:01,le_journal_du_dimanche,100,23
2026-08-02T17:40:01,sud_ouest,393,141
2026-08-02T17:40:01,mediapart,2483,11
2026-08-02T17:40:01,gala,126,41
2026-08-02T17:40:01,voici,79,29
2026-08-02T17:40:01,bfmtv,388,109
2026-08-02T17:40:01,ouest_france,0,0
2026-08-02T17:40:01,leparisien,1000,99
2026-08-02T17:40:01,la_croix,81,42
2026-08-02T17:40:01,laprovence,190,74
2026-08-02T17:40:01,marianne,24,5
2026-08-02T17:40:01,midilibre,487,73
2026-08-02T17:40:01,paris_normandie,88,44
2026-08-02T17:40:01,latribune,100,21
2026-08-02T17:40:01,liberation,100,36
2026-08-02T17:40:01,20minutes,104,41
2026-08-02T17:40:01,cnews,94,44
2026-08-03T05:40:01,le_figaro,271,35
2026-08-03T05:40:01,le_capital,32,5
2026-08-03T05:40:01,le_nouvel_observateur,47,1
2026-08-03T05:40:01,le_monde,112,24
2026-08-03T05:40:01,les_echos,72,9
2026-08-03T05:40:01,telerama,23,2
2026-08-03T05:40:01,valeurs_actuelles,27,2
2026-08-03T05:40:01,l_opinion,18,5
2026-08-03T05:40:01,challenges,20,2
2026-08-03T05:40:01,paris_match,100,7
2026-08-03T05:40:01,atlantico,24,0
2026-08-03T05:40:01,la_depeche,693,171
2026-08-03T05:40:01,le_telegramme,710,67
2026-08-03T05:40:01,nice_matin,128,24
2026-08-03T05:40:01,le_journal_du_dimanche,100,1
2026-08-03T05:40:01,sud_ouest,414,78
2026-08-03T05:40:01,mediapart,2470,3
2026-08-03T05:40:01,gala,125,17
2026-08-03T05:40:01,voici,65,2
2026-08-03T05:40:01,bfmtv,397,77
2026-08-03T05:40:01,ouest_france,0,0
2026-08-03T05:40:01,leparisien,1000,24
2026-08-03T05:40:01,la_croix,76,11
2026-08-03T05:40:01,laprovence,187,14
2026-08-03T05:40:01,marianne,10,1
2026-08-03T05:40:01,midilibre,455,132
2026-08-03T05:40:01,paris_normandie,88,11
2026-08-03T05:40:01,latribune,100,5
2026-08-03T05:40:01,liberation,100,12
2026-08-03T05:40:01,20minutes,108,16
2026-08-03T05:40:01,cnews,95,31
2026-08-03T17:40:01,le_figaro,320,152
2026-08-03T17:40:01,le_capital,48,24
2026-08-03T17:40:01,le_nouvel_observateur,61,14
2026-08-03T17:40:01,le_monde,113,33
2026-08-03T17:40:01,les_echos,124,59
2026-08-03T17:40:01,telerama,27,13
2026-08-03T17:40:01,valeurs_actuelles,28,13
2026-08-03T17:40:01,l_opinion,32,20
2026-08-03T17:40:01,challenges,19,8
2026-08-03T17:40:01,paris_match,100,39
2026-08-03T17:40:01,atlantico,23,12
2026-08-03T17:40:01,la_depeche,777,135
2026-08-03T17:40:01,le_telegramme,921,407
2026-08-03T17:40:01,nice_matin,158,80
2026-08-03T17:40:01,le_journal_du_dimanche,100,15
2026-08-03T17:40:01,sud_ouest,481,195
2026-08-03T17:40:01,mediapart,2478,8
2026-08-03T17:40:01,gala,121,46
2026-08-03T17:40:01,voici,75,34
2026-08-03T17:40:01,bfmtv,552,293
2026-08-03T17:40:01,ouest_france,0,0
2026-08-03T17:40:01,leparisien,1000,126
2026-08-03T17:40:01,la_croix,95,34
2026-08-03T17:40:01,laprovence,201,99
2026-08-03T17:40:01,marianne,17,7
2026-08-03T17:40:01,midilibre,486,85
2026-08-03T17:40:01,paris_normandie,108,51
2026-08-03T17:40:01,latribune,100,15
2026-08-03T17:40:01,liberation,100,46
2026-08-03T17:40:01,20minutes,150,81
2026-08-03T17:40:01,cnews,93,68
2026-08-04T05:40:01,le_figaro,330,43
2026-08-04T05:40:01,le_capital,49,5
2026-08-04T05:40:01,le_nouvel_observateur,38,2
2026-08-04T05:40:01,le_monde,112,23
2026-08-04T05:40:01,les_echos,136,12
2026-08-04T05:40:01,telerama,27,2
2026-08-04T05:40:01,valeurs_actuelles,28,1
2026-08-04T05:40:01,l_opinion,36,4
2026-08-04T05:40:01,challenges,20,1
2026-08-04T05:40:01,paris_match,100,8
2026-08-04T05:40:01,atlantico,23,0
2026-08-04T05:40:01,la_depeche,810,290
2026-08-04T05:40:01,le_telegramme,883,62
2026-08-04T05:40:01,nice_matin,166,22
2026-08-04T05:40:01,le_journal_du_dimanche,100,6
2026-08-04T05:40:01,sud_ouest,544,96
2026-08-04T05:40:01,mediapart,2466,3
2026-08-04T05:40:01,gala,126,23
2026-08-04T05:40:01,voici,82,14
2026-08-04T05:40:01,bfmtv,567,84
2026-08-04T05:40:01,ouest_france,0,0
2026-08-04T05:40:01,leparisien,1000,35
2026-08-04T05:40:01,la_croix,99,6
2026-08-04T05:40:01,laprovence,196,9
2026-08-04T05:40:01,marianne,16,3
2026-08-04T05:40:01,midilibre,457,119
2026-08-04T05:40:01,paris_normandie,116,11
2026-08-04T05:40:01,latribune,100,2
2026-08-04T05:40:01,liberation,100,19
2026-08-04T05:40:01,20minutes,161,23
2026-08-04T05:40:01,cnews,92,28
2026-08-04T17:40:01,le_figaro,380,150
2026-08-04T17:40:01,le_capital,69,28
2026-08-04T17:40:01,le_nouvel_observateur,62,24
2026-08-04T17:40:01,le_monde,121,42
2026-08-04T17:40:01,les_echos,177,63
2026-08-04T17:40:01,telerama,31,15
2026-08-04T17:40:01,valeurs_actuelles,30,14
2026-08-04T17:40:01,l_opinion,52,23
2026-08-04T17:40:01,challenges,22,10
2026-08-04T17:40:01,paris_match,100,33
2026-08-04T17:40:01,atlantico,24,12
2026-08-04T17:40:01,la_depeche,903,147
2026-08-04T17:40:01,le_telegramme,1002,426
2026-08-04T17:40:01,nice_matin,208,90
2026-08-04T17:40:01,le_journal_du_dimanche,100,20
2026-08-04T17:40:01,sud_ouest,603,210
2026-08-04T17:40:01,mediapart,2476,10
2026-08-04T17:40:01,gala,121,36
2026-08-04T17:40:01,voici,85,33
2026-08-04T17:40:01,bfmtv,742,285
2026-08-04T17:40:01,ouest_france,2509,2499
2026-08-04T17:40:01,leparisien,1000,116
2026-08-04T17:40:01,la_croix,94,35
2026-08-04T17:40:01,laprovence,235,113
2026-08-04T17:40:01,marianne,22,6
2026-08-04T17:40:01,midilibre,501,99
2026-08-04T17:40:01,paris_normandie,125,52
2026-08-04T17:40:01,latribune,100,11
2026-08-04T17:40:01,liberation,100,48
2026-08-04T17:40:01,20minutes,202,82
2026-08-04T17:40:01,cnews,94,64
2026-08-05T05:40:02,le_figaro,410,65
2026-08-05T05:40:02,le_capital,69,6
2026-08-05T05:40:02,le_nouvel_observateur,42,1
2026-08-05T05:40:02,le_monde,130,33
2026-08-05T05:40:02,les_echos,191,16
2026-08-05T05:40:02,telerama,30,1
2026-08-05T05:40:02,valeurs_actuelles,30,1
2026-08-05T05:40:02,l_opinion,53,6
2026-08-05T05:40:02,challenges,23,3
2026-08-05T05:40:02,paris_match,100,6
2026-08-05T05:40:02,atlantico,24,0
2026-08-05T05:40:02,la_depeche,982,297
2026-08-05T05:40:02,le_telegramme,991,66
2026-08-05T05:40:02,nice_matin,203,23
2026-08-05T05:40:02,le_journal_du_dimanche,100,6
2026-08-05T05:40:02,sud_ouest,647,94
2026-08-05T05:40:02,mediapart,2463,4
2026-08-05T05:40:02,gala,119,15
2026-08-05T05:40:02,voici,99,15
2026-08-05T05:40:02,bfmtv,772,106
2026-08-05T05:40:02,ouest_france,2558,650
2026-08-05T05:40:02,leparisien,1000,41
2026-08-05T05:40:02,la_croix,87,5
2026-08-05T05:40:02,laprovence,244,23
2026-08-05T05:40:02,marianne,18,1
2026-08-05T05:40:02,midilibre,488,138
2026-08-05T05:40:02,paris_normandie,126,11
2026-08-05T05:40:02,latribune,100,2
2026-08-05T05:40:02,liberation,100,19
2026-08-05T05:40:02,20minutes,204,19
2026-08-05T05:40:02,cnews,95,24
2026-08-05T17:40:01,le_figaro,401,143
2026-08-05T17:40:01,le_capital,69,24
2026-08-05T17:40:01,le_nouvel_observateur,59,18
2026-08-05T17:40:01,le_monde,143,46
2026-08-05T17:40:01,les_echos,200,74
2026-08-05T17:40:01,telerama,37,19
2026-08-05T17:40:01,valeurs_actuelles,30,14
2026-08-05T17:40:01,l_opinion,51,19
2026-08-05T17:40:01,challenges,23,7
2026-08-05T17:40:01,paris_match,100,39
2026-08-05T17:40:01,atlantico,24,12
2026-08-05T17:40:01,la_depeche,999,204
2026-08-05T17:40:01,le_telegramme,1021,403
2026-08-05T17:40:01,nice_matin,225,99
2026-08-05T17:40:01,le_journal_du_dimanche,100,23
2026-08-05T17:40:01,sud_ouest,637,219
2026-08-05T17:40:01,mediapart,2474,12
2026-08-05T17:40:01,gala,122,48
2026-08-05T17:40:01,voici,99,36
2026-08-05T17:40:01,bfmtv,750,273
2026-08-05T17:40:01,ouest_france,2571,621
2026-08-05T17:40:01,leparisien,1000,139
2026-08-05T17:40:01,la_croix,88,34
2026-08-05T17:40:01,laprovence,274,129
2026-08-05T17:40:01,marianne,25,7
2026-08-05T17:40:01,midilibre,542,114
2026-08-05T17:40:01,paris_normandie,129,54
2026-08-05T17:40:01,latribune,100,16
2026-08-05T17:40:01,liberation,100,56
2026-08-05T17:40:01,20minutes,207,84
2026-08-05T17:40:01,cnews,94,74
2026-08-06T05:40:01,le_figaro,419,62
2026-08-06T05:40:01,le_capital,70,6
2026-08-06T05:40:01,le_nouvel_observateur,47,4
2026-08-06T05:40:01,le_monde,148,29
2026-08-06T05:40:01,les_echos,210,14
2026-08-06T05:40:01,telerama,37,2
2026-08-06T05:40:01,valeurs_actuelles,30,1
2026-08-06T05:40:01,l_opinion,54,7
2026-08-06T05:40:01,challenges,23,0
2026-08-06T05:40:01,paris_match,100,7
2026-08-06T05:40:01,atlantico,24,0
2026-08-06T05:40:01,la_depeche,999,269
2026-08-06T05:40:01,le_telegramme,1002,73
2026-08-06T05:40:01,nice_matin,223,23
2026-08-06T05:40:01,le_journal_du_dimanche,100,5
2026-08-06T05:40:01,sud_ouest,672,101
2026-08-06T05:40:01,mediapart,2459,2
2026-08-06T05:40:01,gala,116,17
2026-08-06T05:40:01,voici,99,14
2026-08-06T05:40:01,bfmtv,763,98
2026-08-06T05:40:01,ouest_france,2588,640
2026-08-06T05:40:01,leparisien,1000,43
2026-08-06T05:40:01,la_croix,88,7
2026-08-06T05:40:01,laprovence,278,13
2026-08-06T05:40:01,marianne,17,1
2026-08-06T05:40:01,midilibre,533,132
2026-08-06T05:40:01,paris_normandie,134,17
2026-08-06T05:40:01,latribune,100,2
2026-08-06T05:40:01,liberation,100,14
2026-08-06T05:40:01,20minutes,205,20
2026-08-06T05:40:01,cnews,93,22
2026-08-06T17:40:01,le_figaro,427,157
2026-08-06T17:40:01,le_capital,69,27
2026-08-06T17:40:01,le_nouvel_observateur,63,16
2026-08-06T17:40:01,le_monde,164,58
2026-08-06T17:40:01,les_echos,199,65
2026-08-06T17:40:01,telerama,35,13
2026-08-06T17:40:01,valeurs_actuelles,33,17
2026-08-06T17:40:01,l_opinion,49,19
2026-08-06T17:40:01,challenges,19,7
2026-08-06T17:40:01,paris_match,100,40
2026-08-06T17:40:01,atlantico,26,14
2026-08-06T17:40:01,la_depeche,999,213
2026-08-06T17:40:01,le_telegramme,987,368
2026-08-06T17:40:01,nice_matin,233,98
2026-08-06T17:40:01,le_journal_du_dimanche,100,15
2026-08-06T17:40:01,sud_ouest,688,234
2026-08-06T17:40:01,mediapart,2467,8
2026-08-06T17:40:01,gala,124,44
2026-08-06T17:40:01,voici,104,35
2026-08-06T17:40:01,bfmtv,764,287
2026-08-06T17:40:01,ouest_france,2582,652
2026-08-06T17:40:01,leparisien,1000,130
2026-08-06T17:40:01,la_croix,92,38
2026-08-06T17:40:01,laprovence,260,95
2026-08-06T17:40:01,marianne,23,6
2026-08-06T17:40:01,midilibre,562,100
2026-08-06T17:40:01,paris_normandie,130,48
2026-08-06T17:40:01,latribune,100,14
2026-08-06T17:40:01,liberation,100,51
2026-08-06T17:40:01,20minutes,195,72
2026-08-06T17:40:01,cnews,90,69
2026-08-07T05:40:02,le_figaro,413,51
2026-08-07T05:40:02,le_capital,69,6
2026-08-07T05:40:02,le_nouvel_observateur,40,1
2026-08-07T05:40:02,le_monde,163,30
2026-08-07T05:40:02,les_echos,202,12
2026-08-07T05:40:02,telerama,36,2
2026-08-07T05:40:02,valeurs_actuelles,35,3
2026-08-07T05:40:02,l_opinion,49,5
2026-08-07T05:40:02,challenges,19,2
2026-08-07T05:40:02,paris_match,100,3
2026-08-07T05:40:02,atlantico,26,0
2026-08-07T05:40:02,la_depeche,999,296
2026-08-07T05:40:02,le_telegramme,960,74
2026-08-07T05:40:02,nice_matin,237,26
2026-08-07T05:40:02,le_journal_du_dimanche,100,3
2026-08-07T05:40:02,sud_ouest,727,103
2026-08-07T05:40:02,mediapart,2456,4
2026-08-07T05:40:02,gala,129,20
2026-08-07T05:40:02,voici,106,18
2026-08-07T05:40:02,bfmtv,755,98
2026-08-07T05:40:02,ouest_france,2583,640
2026-08-07T05:40:02,leparisien,1000,44
2026-08-07T05:40:02,la_croix,92,7
2026-08-07T05:40:02,laprovence,254,18
2026-08-07T05:40:02,marianne,18,3
2026-08-07T05:40:02,midilibre,505,104
2026-08-07T05:40:02,paris_normandie,134,17
2026-08-07T05:40:02,latribune,100,3
2026-08-07T05:40:02,liberation,100,12
2026-08-07T05:40:02,20minutes,189,13
2026-08-07T05:40:02,cnews,91,20
2026-08-07T17:40:01,le_figaro,432,162
2026-08-07T17:40:01,le_capital,70,24
2026-08-07T17:40:01,le_nouvel_observateur,62,22
2026-08-07T17:40:01,le_monde,166,49
2026-08-07T17:40:01,les_echos,173,59
2026-08-07T17:40:01,telerama,38,21
2026-08-07T17:40:01,valeurs_actuelles,38,17
2026-08-07T17:40:01,l_opinion,43,13
2026-08-07T17:40:01,challenges,19,8
2026-08-07T17:40:01,paris_match,100,34
2026-08-07T17:40:01,atlantico,26,12
2026-08-07T17:40:01,la_depeche,999,153
2026-08-07T17:40:01,le_telegramme,980,394
2026-08-07T17:40:01,nice_matin,235,102
2026-08-07T17:40:01,le_journal_du_dimanche,100,14
2026-08-07T17:40:01,sud_ouest,709,231
2026-08-07T17:40:01,mediapart,2465,9
2026-08-07T17:40:01,gala,115,34
2026-08-07T17:40:01,voici,108,35
2026-08-07T17:40:01,bfmtv,714,237
2026-08-07T17:40:01,ouest_france,2621,672
2026-08-07T17:40:01,leparisien,1000,124
2026-08-07T17:40:01,la_croix,89,34
2026-08-07T17:40:01,laprovence,231,104
2026-08-07T17:40:01,marianne,24,6
2026-08-07T17:40:01,midilibre,537,113
2026-08-07T17:40:01,paris_normandie,133,53
2026-08-07T17:40:01,latribune,100,11
2026-08-07T17:40:01,liberation,100,48
2026-08-07T17:40:01,20minutes,184,79
2026-08-07T17:40:01,cnews,91,59
2026-08-08T05:40:01,le_figaro,412,41
2026-08-08T05:40:01,le_capital,67,4
2026-08-08T05:40:01,le_nouvel_observateur,42,1
2026-08-08T05:40:01,le_monde,173,37
2026-08-08T05:40:01,les_echos,164,1
2026-08-08T05:40:01,telerama,38,2
2026-08-08T05:40:01,valeurs_actuelles,40,3
2026-08-08T05:40:01,l_opinion,37,0
2026-08-08T05:40:01,challenges,20,1
2026-08-08T05:40:01,paris_match,100,5
2026-08-08T05:40:01,atlantico,29,3
2026-08-08T05:40:01,la_depeche,999,290
2026-08-08T05:40:01,le_telegramme,946,75
2026-08-08T05:40:01,nice_matin,228,23
2026-08-08T05:40:01,le_journal_du_dimanche,100,0
2026-08-08T05:40:01,sud_ouest,731,78
2026-08-08T05:40:01,mediapart,2454,0
2026-08-08T05:40:01,gala,117,19
2026-08-08T05:40:01,voici,104,9
2026-08-08T05:40:01,bfmtv,701,79
2026-08-08T05:40:01,ouest_france,2615,624
2026-08-08T05:40:01,leparisien,1000,33
2026-08-08T05:40:01,la_croix,88,7
2026-08-08T05:40:01,laprovence,229,12
2026-08-08T05:40:01,marianne,18,2
2026-08-08T05:40:01,midilibre,478,105
2026-08-08T05:40:01,paris_normandie,129,10
2026-08-08T05:40:01,latribune,100,0
2026-08-08T05:40:01,liberation,100,12
2026-08-08T05:40:01,20minutes,177,14
2026-08-08T05:40:01,cnews,92,17
2026-08-08T17:40:01,le_figaro,358,105
2026-08-08T17:40:01,le_capital,50,13
2026-08-08T17:40:01,le_nouvel_observateur,65,23
2026-08-08T17:40:01,le_monde,155,41
2026-08-08T17:40:01,les_echos,119,23
2026-08-08T17:40:01,telerama,35,10
2026-08-08T17:40:01,valeurs_actuelles,37,14
2026-08-08T17:40:01,l_opinion,22,5
2026-08-08T17:40:01,challenges,18,6
2026-08-08T17:40:01,paris_match,100,20
2026-08-08T17:40:01,atlantico,25,10
2026-08-08T17:40:01,la_depeche,999,82
2026-08-08T17:40:01,le_telegramme,806,188
2026-08-08T17:40:01,nice_matin,194,56
2026-08-08T17:40:01,le_journal_du_dimanche,100,12
2026-08-08T17:40:01,sud_ouest,563,116
2026-08-08T17:40:01,mediapart,2463,9
2026-08-08T17:40:01,gala,121,48
2026-08-08T17:40:01,voici,92,25
2026-08-08T17:40:01,bfmtv,520,97
2026-08-08T17:40:01,ouest_france,2365,417
2026-08-08T17:40:01,leparisien,1000,111
2026-08-08T17:40:01,la_croix,73,24
2026-08-08T17:40:01,laprovence,212,78
2026-08-08T17:40:01,marianne,21,3
2026-08-08T17:40:01,midilibre,490,81
2026-08-08T17:40:01,paris_normandie,123,44
2026-08-08T17:40:01,latribune,100,10
2026-08-08T17:40:01,liberation,100,29
2026-08-08T17:40:01,20minutes,153,47
2026-08-08T17:40:01,cnews,95,38
2026-08-09T05:40:02,le_figaro,343,36
2026-08-09T05:40:02,le_capital,48,4
2026-08-09T05:40:02,le_nouvel_observateur,48,1
2026-08-09T05:40:02,le_monde,153,28
2026-08-09T05:40:02,les_echos,113,0
2026-08-09T05:40:02,telerama,35,2
2026-08-09T05:40:02,valeurs_actuelles,38,4
2026-08-09T05:40:02,l_opinion,18,0
2026-08-09T05:40:02,challenges,17,1
2026-08-09T05:40:02,paris_match,100,2
2026-08-09T05:40:02,atlantico,25,0
2026-08-09T05:40:02,la_depeche,842,170
2026-08-09T05:40:02,le_telegramme,752,55
2026-08-09T05:40:02,nice_matin,181,15
2026-08-09T05:40:02,le_journal_du_dimanche,100,7
2026-08-09T05:40:02,sud_ouest,538,42
2026-08-09T05:40:02,mediapart,2452,0
2026-08-09T05:40:02,gala,117,16
2026-08-09T05:40:02,voici,79,4
2026-08-09T05:40:02,bfmtv,479,61
2026-08-09T05:40:02,ouest_france,2191,450
2026-08-09T05:40:02,leparisien,1000,23
2026-08-09T05:40:02,la_croix,70,5
2026-08-09T05:40:02,laprovence,204,10
2026-08-09T05:40:02,marianne,21,0
2026-08-09T05:40:02,midilibre,467,108
2026-08-09T05:40:02,paris_normandie,114,6
2026-08-09T05:40:02,latribune,100,9
2026-08-09T05:40:02,liberation,100,2
2026-08-09T05:40:02,20minutes,150,12
2026-08-09T05:40:02,cnews,96,16
2026-08-09T17:40:01,le_figaro,290,108
2026-08-09T17:40:01,le_capital,32,11
2026-08-09T17:40:01,le_nouvel_observateur,69,21
2026-08-09T17:40:01,le_monde,135,30
2026-08-09T17:40:01,les_echos,50,19
2026-08-09T17:40:01,telerama,23,10
2026-08-09T17:40:01,valeurs_actuelles,36,14
2026-08-09T17:40:01,l_opinion,16,11
2026-08-09T17:40:01,challenges,14,6
2026-08-09T17:40:01,paris_match,100,22
2026-08-09T17:40:01,atlantico,23,10
2026-08-09T17:40:01,la_depeche,830,96
2026-08-09T17:40:01,le_telegramme,708,302
2026-08-09T17:40:01,nice_matin,127,49
2026-08-09T17:40:01,le_journal_du_dimanche,100,20
2026-08-09T17:40:01,sud_ouest,381,145
2026-08-09T17:40:01,mediapart,2464,12
2026-08-09T17:40:01,gala,126,43
2026-08-09T17:40:01,voici,72,29
2026-08-09T17:40:01,bfmtv,331,94
2026-08-09T17:40:01,ouest_france,2026,527
2026-08-09T17:40:01,leparisien,1000,83
2026-08-09T17:40:01,la_croix,82,45
2026-08-09T17:40:01,laprovence,174,74
2026-08-09T17:40:01,marianne,19,6
2026-08-09T17:40:01,midilibre,469,80
2026-08-09T17:40:01,paris_normandie,93,31
2026-08-09T17:40:01,latribune,100,16
2026-08-09T17:40:01,liberation,81,30
2026-08-09T17:40:01,20minutes,114,41
2026-08-09T17:40:01,cnews,100,47
2026-08-10T05:40:01,le_figaro,292,43
2026-08-10T05:40:01,le_capital,33,5
2026-08-10T05:40:01,le_nouvel_observateur,47,1
2026-08-10T05:40:01,le_monde,125,28
2026-08-10T05:40:01,les_echos,55,9
2026-08-10T05:40:01,telerama,23,2
2026-08-10T05:40:01,valeurs_actuelles,35,3
2026-08-10T05:40:01,l_opinion,17,1
2026-08-10T05:40:01,challenges,16,3
2026-08-10T05:40:01,paris_match,100,2
2026-08-10T05:40:01,atlantico,20,0
2026-08-10T05:40:01,la_depeche,546,49
2026-08-10T05:40:01,le_telegramme,638,60
2026-08-10T05:40:01,nice_matin,136,23
2026-08-10T05:40:01,le_journal_du_dimanche,100,2
2026-08-10T05:40:01,sud_ouest,406,75
2026-08-10T05:40:01,mediapart,2450,0
2026-08-10T05:40:01,gala,127,20
2026-08-10T05:40:01,voici,64,2
2026-08-10T05:40:01,bfmtv,328,76
2026-08-10T05:40:01,ouest_france,1821,408
2026-08-10T05:40:01,leparisien,1000,31
2026-08-10T05:40:01,la_croix,85,10
2026-08-10T05:40:01,laprovence,177,15
2026-08-10T05:40:01,marianne,12,2
2026-08-10T05:40:01,midilibre,451,119
2026-08-10T05:40:01,paris_normandie,90,9
2026-08-10T05:40:01,latribune,100,3
2026-08-10T05:40:01,liberation,79,9
2026-08-10T05:40:01,20minutes,115,15
2026-08-10T05:40:01,cnews,100,19
2026-08-10T17:40:02,le_figaro,328,141
2026-08-10T17:40:02,le_capital,46,23
2026-08-10T17:40:02,le_nouvel_observateur,66,19
2026-08-10T17:40:02,le_monde,133,49
2026-08-10T17:40:02,les_echos,121,58
2026-08-10T17:40:02,telerama,22,9
2026-08-10T17:40:02,valeurs_actuelles,36,15
2026-08-10T17:40:02,l_opinion,31,19
2026-08-10T17:40:02,challenges,17,7
2026-08-10T17:40:02,paris_match,100,31
2026-08-10T17:40:02,atlantico,20,10
2026-08-10T17:40:02,la_depeche,642,144
2026-08-10T17:40:02,le_telegramme,878,416
2026-08-10T17:40:02,nice_matin,165,81
2026-08-10T17:40:02,le_journal_du_dimanche,100,19
2026-08-10T17:40:02,sud_ouest,477,183
2026-08-10T17:40:02,mediapart,2460,10
2026-08-10T17:40:02,gala,117,39
2026-08-10T17:40:02,voici,74,35
2026-08-10T17:40:02,bfmtv,487,256
2026-08-10T17:40:02,ouest_france,2227,822
2026-08-10T17:40:02,leparisien,1000,128
2026-08-10T17:40:02,la_croix,88,27
2026-08-10T17:40:02,laprovence,180,81
2026-08-10T17:40:02,marianne,18,6
2026-08-10T17:40:02,midilibre,529,106
2026-08-10T17:40:02,paris_normandie,100,54
2026-08-10T17:40:02,latribune,100,12
2026-08-10T17:40:02,liberation,93,40
2026-08-10T17:40:02,20minutes,149,81
2026-08-10T17:40:02,cnews,95,51
2026-08-11T05:40:01,le_figaro,349,58
2026-08-11T05:40:01,le_capital,48,6
2026-08-11T05:40:01,le_nouvel_observateur,44,2
2026-08-11T05:40:01,le_monde,138,35
2026-08-11T05:40:01,les_echos,140,19
2026-08-11T05:40:01,telerama,22,2
2026-08-11T05:40:01,valeurs_actuelles,36,1
2026-08-11T05:40:01,l_opinion,33,2
2026-08-11T05:40:01,challenges,16,0
2026-08-11T05:40:01,paris_match,100,10
2026-08-11T05:40:01,atlantico,20,0
2026-08-11T05:40:01,la_depeche,704,309
2026-08-11T05:40:01,le_telegramme,855,51
2026-08-11T05:40:01,nice_matin,174,25
2026-08-11T05:40:01,le_journal_du_dimanche,100,2
2026-08-11T05:40:01,sud_ouest,540,98
2026-08-11T05:40:01,mediapart,2443,1
2026-08-11T05:40:01,gala,124,23
2026-08-11T05:40:01,voici,85,16
2026-08-11T05:40:01,bfmtv,513,87
2026-08-11T05:40:01,ouest_france,2429,657
2026-08-11T05:40:01,leparisien,1000,32
2026-08-11T05:40:01,la_croix,96,9
2026-08-11T05:40:01,laprovence,182,13
2026-08-11T05:40:01,marianne,16,2
2026-08-11T05:40:01,midilibre,533,142
2026-08-11T05:40:01,paris_normandie,110,16
2026-08-11T05:40:01,latribune,100,2
2026-08-11T05:40:01,liberation,100,16
2026-08-11T05:40:01,20minutes,158,21
2026-08-11T05:40:01,cnews,95,19
2026-08-11T17:40:01,le_figaro,399,157
2026-08-11T17:40:01,le_capital,66,26
2026-08-11T17:40:01,le_nouvel_observateur,64,20
2026-08-11T17:40:01,le_monde,169,59
2026-08-11T17:40:01,les_echos,183,57
2026-08-11T17:40:01,telerama,42,29
2026-08-11T17:40:01,valeurs_actuelles,35,16
2026-08-11T17:40:01,l_opinion,37,9
2026-08-11T17:40:01,challenges,20,9
2026-08-11T17:40:01,paris_match,100,37
2026-08-11T17:40:01,atlantico,20,10
2026-08-11T17:40:01,la_depeche,782,144
2026-08-11T17:40:01,le_telegramme,1008,426
2026-08-11T17:40:01,nice_matin,210,86
2026-08-11T17:40:01,le_journal_du_dimanche,100,25
2026-08-11T17:40:01,sud_ouest,622,205
2026-08-11T17:40:01,mediapart,2455,12
2026-08-11T17:40:01,gala,113,32
2026-08-11T17:40:01,voici,89,36
2026-08-11T17:40:01,bfmtv,691,272
2026-08-11T17:40:01,ouest_france,2585,681
2026-08-11T17:40:01,leparisien,1000,118
2026-08-11T17:40:01,la_croix,89,38
2026-08-11T17:40:01,laprovence,199,90
2026-08-11T17:40:01,marianne,16,0
2026-08-11T17:40:01,midilibre,588,101
2026-08-11T17:40:01,paris_normandie,115,36
2026-08-11T17:40:01,latribune,100,14
2026-08-11T17:40:01,liberation,100,55
2026-08-11T17:40:01,20minutes,199,82
2026-08-11T17:40:01,cnews,95,53
2026-08-12T05:40:01,le_figaro,419,63
2026-08-12T05:40:01,le_capital,66,5
2026-08-12T05:40:01,le_nouvel_observateur,44,2
2026-08-12T05:40:01,le_monde,171,30
2026-08-12T05:40:01,les_echos,194,12
2026-08-12T05:40:01,telerama,44,4
2026-08-12T05:40:01,valeurs_actuelles,35,2
2026-08-12T05:40:01,l_opinion,42,12
2026-08-12T05:40:01,challenges,19,1
2026-08-12T05:40:01,paris_match,100,10
2026-08-12T05:40:01,atlantico,20,0
2026-08-12T05:40:01,la_depeche,999,311
2026-08-12T05:40:01,le_telegramme,984,58
2026-08-12T05:40:01,nice_matin,211,32
2026-08-12T05:40:01,le_journal_du_dimanche,100,2
2026-08-12T05:40:01,sud_ouest,672,114
2026-08-12T05:40:01,mediapart,2438,1
2026-08-12T05:40:01,gala,114,20
2026-08-12T05:40:01,voici,99,11
2026-08-12T05:40:01,bfmtv,708,92
2026-08-12T05:40:01,ouest_france,2925,645
2026-08-12T05:40:01,leparisien,1000,49
2026-08-12T05:40:01,la_croix,83,7
2026-08-12T05:40:01,laprovence,200,15
2026-08-12T05:40:01,marianne,16,0
2026-08-12T05:40:01,midilibre,583,140
2026-08-12T05:40:01,paris_normandie,127,21
2026-08-12T05:40:01,latribune,100,3
2026-08-12T05:40:01,liberation,100,17
2026-08-12T05:40:01,20minutes,203,18
2026-08-12T05:40:01,cnews,93,22
2026-08-12T17:40:02,le_figaro,444,166
2026-08-12T17:40:02,le_capital,70,27
2026-08-12T17:40:02,le_nouvel_observateur,60,16
2026-08-12T17:40:02,le_monde,178,54
2026-08-12T17:40:02,les_echos,198,79
2026-08-12T17:40:02,telerama,60,27
2026-08-12T17:40:02,valeurs_actuelles,31,12
2026-08-12T17:40:02,l_opinion,42,10
2026-08-12T17:40:02,challenges,19,7
2026-08-12T17:40:02,paris_match,100,29
2026-08-12T17:40:02,atlantico,21,11
2026-08-12T17:40:02,la_depeche,999,142
2026-08-12T17:40:02,le_telegramme,969,358
2026-08-12T17:40:02,nice_matin,233,99
2026-08-12T17:40:02,le_journal_du_dimanche,100,19
2026-08-12T17:40:02,sud_ouest,633,190
2026-08-12T17:40:02,mediapart,2447,9
2026-08-12T17:40:02,gala,112,37
2026-08-12T17:40:02,voici,99,36
2026-08-12T17:40:02,bfmtv,711,263
2026-08-12T17:40:02,ouest_france,2672,666
2026-08-12T17:40:02,leparisien,1000,129
2026-08-12T17:40:02,la_croix,96,38
2026-08-12T17:40:02,laprovence,234,116
2026-08-12T17:40:02,marianne,16,0
2026-08-12T17:40:02,midilibre,600,118
2026-08-12T17:40:02,paris_normandie,111,40
2026-08-12T17:40:02,latribune,100,12
2026-08-12T17:40:02,liberation,100,46
2026-08-12T17:40:02,20minutes,199,77
2026-08-12T17:40:02,cnews,90,62
2026-08-13T05:40:02,le_figaro,454,68
2026-08-13T05:40:02,le_capital,69,5
2026-08-13T05:40:02,le_nouvel_observateur,43,4
2026-08-13T05:40:02,le_monde,173,30
2026-08-13T05:40:02,les_echos,206,14
2026-08-13T05:40:02,telerama,60,2
2026-08-13T05:40:02,valeurs_actuelles,31,1
2026-08-13T05:40:02,l_opinion,44,12
2026-08-13T05:40:02,challenges,20,1
2026-08-13T05:40:02,paris_match,100,5
2026-08-13T05:40:02,atlantico,21,0
2026-08-13T05:40:02,la_depeche,999,329
2026-08-13T05:40:02,le_telegramme,939,69
2026-08-13T05:40:02,nice_matin,230,24
2026-08-13T05:40:02,le_journal_du_dimanche,100,1
2026-08-13T05:40:02,sud_ouest,676,108
2026-08-13T05:40:02,mediapart,2434,2
2026-08-13T05:40:02,gala,111,22
2026-08-13T05:40:02,voici,98,14
2026-08-13T05:40:02,bfmtv,720,93
2026-08-13T05:40:02,ouest_france,2548,525
2026-08-13T05:40:02,leparisien,1000,43
2026-08-13T05:40:02,la_croix,94,8
2026-08-13T05:40:02,laprovence,240,19
2026-08-13T05:40:02,marianne,16,0
2026-08-13T05:40:02,midilibre,577,150
2026-08-13T05:40:02,paris_normandie,112,14
2026-08-13T05:40:02,latribune,100,1
2026-08-13T05:40:02,liberation,100,14
2026-08-13T05:40:02,20minutes,201,24
2026-08-13T05:40:02,cnews,91,25
2026-08-13T17:40:01,le_figaro,442,145
2026-08-13T17:40:01,le_capital,69,26
2026-08-13T17:40:01,le_nouvel_observateur,57,14
2026-08-13T17:40:01,le_monde,162,47
2026-08-13T17:40:01,les_echos,196,58
2026-08-13T17:40:01,telerama,47,15
2026-08-13T17:40:01,valeurs_actuelles,28,13
2026-08-13T17:40:01,l_opinion,42,9
2026-08-13T17:40:01,challenges,17,7
2026-08-13T17:40:01,paris_match,100,32
2026-08-13T17:40:01,atlantico,22,11
2026-08-13T17:40:01,la_depeche,999,156
2026-08-13T17:40:01,le_telegramme,930,369
2026-08-13T17:40:01,nice_matin,223,85
2026-08-13T17:40:01,le_journal_du_dimanche,100,15
2026-08-13T17:40:01,sud_ouest,672,233
2026-08-13T17:40:01,mediapart,2440,6
2026-08-13T17:40:01,gala,124,46
2026-08-13T17:40:01,voici,99,34
2026-08-13T17:40:01,bfmtv,743,299
2026-08-13T17:40:01,ouest_france,2625,763
2026-08-13T17:40:01,leparisien,1000,113
2026-08-13T17:40:01,la_croix,92,36
2026-08-13T17:40:01,laprovence,253,104
2026-08-13T17:40:01,marianne,16,0
2026-08-13T17:40:01,midilibre,627,117
2026-08-13T17:40:01,paris_normandie,125,52
2026-08-13T17:40:01,latribune,100,12
2026-08-13T17:40:01,liberation,100,48
2026-08-13T17:40:01,20minutes,200,81
2026-08-13T17:40:01,cnews,88,51
2026-08-14T05:40:01,le_figaro,440,61
2026-08-14T05:40:01,le_capital,69,5
2026-08-14T05:40:01,le_nouvel_observateur,39,4
2026-08-14T05:40:01,le_monde,162,31
2026-08-14T05:40:01,les_echos,204,13
2026-08-14T05:40:01,telerama,46,2
2026-08-14T05:40:01,valeurs_actuelles,28,2
2026-08-14T05:40:01,l_opinion,44,13
2026-08-14T05:40:01,challenges,17,1
2026-08-14T05:40:01,paris_match,100,7
2026-08-14T05:40:01,atlantico,22,0
2026-08-14T05:40:01,la_depeche,999,272
2026-08-14T05:40:01,le_telegramme,887,54
2026-08-14T05:40:01,nice_matin,224,27
2026-08-14T05:40:01,le_journal_du_dimanche,100,2
2026-08-14T05:40:01,sud_ouest,700,98
2026-08-14T05:40:01,mediapart,2427,2
2026-08-14T05:40:01,gala,120,17
2026-08-14T05:40:01,voici,105,17
2026-08-14T05:40:01,bfmtv,736,81
2026-08-14T05:40:01,ouest_france,2626,640
2026-08-14T05:40:01,leparisien,1000,43
2026-08-14T05:40:01,la_croix,91,6
2026-08-14T05:40:01,laprovence,259,20
2026-08-14T05:40:01,marianne,16,0
2026-08-14T05:40:01,midilibre,572,117
2026-08-14T05:40:01,paris_normandie,121,15
2026-08-14T05:40:01,latribune,100,2
2026-08-14T05:40:01,liberation,100,14
2026-08-14T05:40:01,20minutes,199,17
2026-08-14T05:40:01,cnews,91,25
2026-08-14T17:40:02,le_figaro,418,143
2026-08-14T17:40:02,le_capital,68,26
2026-08-14T17:40:02,le_nouvel_observateur,55,16
2026-08-14T17:40:02,le_monde,165,57
2026-08-14T17:40:02,les_echos,174,61
2026-08-14T17:40:02,telerama,29,9
2026-08-14T17:40:02,valeurs_actuelles,30,14
2026-08-14T17:40:02,l_opinion,43,10
2026-08-14T17:40:02,challenges,17,7
2026-08-14T17:40:02,paris_match,100,31
2026-08-14T17:40:02,atlantico,23,12
2026-08-14T17:40:02,la_depeche,999,159
2026-08-14T17:40:02,le_telegramme,893,352
2026-08-14T17:40:02,nice_matin,239,107
2026-08-14T17:40:02,le_journal_du_dimanche,100,11
2026-08-14T17:40:02,sud_ouest,680,215
2026-08-14T17:40:02,mediapart,2440,13
2026-08-14T17:40:02,gala,125,41
2026-08-14T17:40:02,voici,104,31
2026-08-14T17:40:02,bfmtv,730,255
2026-08-14T17:40:02,ouest_france,2658,707
2026-08-14T17:40:02,leparisien,1000,123
2026-08-14T17:40:02,la_croix,89,34
2026-08-14T17:40:02,laprovence,263,121
2026-08-14T17:40:02,marianne,29,29
2026-08-14T17:40:02,midilibre,601,107
2026-08-14T17:40:02,paris_normandie,137,56
2026-08-14T17:40:02,latribune,100,9
2026-08-14T17:40:02,liberation,100,45
2026-08-14T17:40:02,20minutes,202,80
2026-08-14T17:40:02,cnews,94,54
2026-08-15T05:40:02,le_figaro,397,47
2026-08-15T05:40:02,le_capital,67,4
2026-08-15T05:40:02,le_nouvel_observateur,36,0
2026-08-15T05:40:02,le_monde,164,31
2026-08-15T05:40:02,les_echos,168,1
2026-08-15T05:40:02,telerama,27,1
2026-08-15T05:40:02,valeurs_actuelles,30,1
2026-08-15T05:40:02,l_opinion,40,8
2026-08-15T05:40:02,challenges,15,0
2026-08-15T05:40:02,paris_match,100,5
2026-08-15T05:40:02,atlantico,25,2
2026-08-15T05:40:02,la_depeche,929,202
2026-08-15T05:40:02,le_telegramme,873,67
2026-08-15T05:40:02,nice_matin,231,22
2026-08-15T05:40:02,le_journal_du_dimanche,100,0
2026-08-15T05:40:02,sud_ouest,708,95
2026-08-15T05:40:02,mediapart,2432,0
2026-08-15T05:40:02,gala,121,17
2026-08-15T05:40:02,voici,107,16
2026-08-15T05:40:02,bfmtv,728,87
2026-08-15T05:40:02,ouest_france,2763,630
2026-08-15T05:40:02,leparisien,1000,32
2026-08-15T05:40:02,la_croix,86,3
2026-08-15T05:40:02,laprovence,260,15
2026-08-15T05:40:02,marianne,29,0
2026-08-15T05:40:02,midilibre,537,119
2026-08-15T05:40:02,paris_normandie,137,14
2026-08-15T05:40:02,latribune,100,1
2026-08-15T05:40:02,liberation,100,5
2026-08-15T05:40:02,20minutes,189,12
2026-08-15T05:40:02,cnews,95,18
2026-08-15T17:40:01,le_figaro,363,111
2026-08-15T17:40:01,le_capital,50,12
2026-08-15T17:40:01,le_nouvel_observateur,59,23
2026-08-15T17:40:01,le_monde,151,35
2026-08-15T17:40:01,les_echos,114,21
2026-08-15T17:40:01,telerama,25,13
2026-08-15T17:40:01,valeurs_actuelles,32,15
2026-08-15T17:40:01,l_opinion,35,5
2026-08-15T17:40:01,challenges,16,8
2026-08-15T17:40:01,paris_match,100,26
2026-08-15T17:40:01,atlantico,26,12
2026-08-15T17:40:01,la_depeche,934,107
2026-08-15T17:40:01,le_telegramme,731,206
2026-08-15T17:40:01,nice_matin,198,52
2026-08-15T17:40:01,le_journal_du_dimanche,100,15
2026-08-15T17:40:01,sud_ouest,561,135
2026-08-15T17:40:01,mediapart,2442,10
2026-08-15T17:40:01,gala,117,42
2026-08-15T17:40:01,voici,101,30
2026-08-15T17:40:01,bfmtv,528,104
2026-08-15T17:40:01,ouest_france,2401,396
2026-08-15T17:40:01,leparisien,1000,95
2026-08-15T17:40:01,la_croix,70,20
2026-08-15T17:40:01,laprovence,233,77
2026-08-15T17:40:01,marianne,25,4
2026-08-15T17:40:01,midilibre,538,87
2026-08-15T17:40:01,paris_normandie,126,41
2026-08-15T17:40:01,latribune,100,9
2026-08-15T17:40:01,liberation,100,27
2026-08-15T17:40:01,20minutes,143,35
2026-08-15T17:40:01,cnews,95,35
2026-08-16T05:40:02,le_figaro,351,51
2026-08-16T05:40:02,le_capital,49,4
2026-08-16T05:40:02,le_nouvel_observateur,43,1
2026-08-16T05:40:02,le_monde,146,24
2026-08-16T05:40:02,les_echos,110,0
2026-08-16T05:40:02,telerama,25,2
2026-08-16T05:40:02,valeurs_actuelles,32,1
2026-08-16T05:40:02,l_opinion,24,1
2026-08-16T05:40:02,challenges,16,0
2026-08-16T05:40:02,paris_match,100,1
2026-08-16T05:40:02,atlantico,26,0
2026-08-16T05:40:02,la_depeche,750,166
2026-08-16T05:40:02,le_telegramme,702,47
2026-08-16T05:40:02,nice_matin,190,20
2026-08-16T05:40:02,le_journal_du_dimanche,100,5
2026-08-16T05:40:02,sud_ouest,539,49
2026-08-16T05:40:02,mediapart,2431,0
2026-08-16T05:40:02,gala,118,19
2026-08-16T05:40:02,voici,90,5
2026-08-16T05:40:02,bfmtv,526,78
2026-08-16T05:40:02,ouest_france,2231,467
2026-08-16T05:40:02,leparisien,1000,28
2026-08-16T05:40:02,la_croix,65,7
2026-08-16T05:40:02,laprovence,228,15
2026-08-16T05:40:02,marianne,25,0
2026-08-16T05:40:02,midilibre,508,122
2026-08-16T05:40:02,paris_normandie,119,8
2026-08-16T05:40:02,latribune,100,14
2026-08-16T05:40:02,liberation,100,2
2026-08-16T05:40:02,20minutes,139,13
2026-08-16T05:40:02,cnews,95,24
2026-08-16T17:40:01,le_figaro,305,96
2026-08-16T17:40:01,le_capital,32,12
2026-08-16T17:40:01,le_nouvel_observateur,62,19
2026-08-16T17:40:01,le_monde,121,32
2026-08-16T17:40:01,les_echos,43,13
2026-08-16T17:40:01,telerama,28,12
2026-08-16T17:40:01,valeurs_actuelles,30,13
2026-08-16T17:40:01,l_opinion,20,6
2026-08-16T17:40:01,challenges,15,7
2026-08-16T17:40:01,paris_match,100,21
2026-08-16T17:40:01,atlantico,26,12
2026-08-16T17:40:01,la_depeche,746,95
2026-08-16T17:40:01,le_telegramme,681,300
2026-08-16T17:40:01,nice_matin,128,45
2026-08-16T17:40:01,le_journal_du_dimanche,100,22
2026-08-16T17:40:01,sud_ouest,423,158
2026-08-16T17:40:01,mediapart,2441,10
2026-08-16T17:40:01,gala,117,39
2026-08-16T17:40:01,voici,90,33
2026-08-16T17:40:01,bfmtv,364,88
2026-08-16T17:40:01,ouest_france,1988,468
2026-08-16T17:40:01,leparisien,1000,87
2026-08-16T17:40:01,la_croix,64,32
2026-08-16T17:40:01,laprovence,178,71
2026-08-16T17:40:01,marianne,21,5
2026-08-16T17:40:01,midilibre,489,74
2026-08-16T17:40:01,paris_normandie,99,36
2026-08-16T17:40:01,latribune,100,19
2026-08-16T17:40:01,liberation,91,42
2026-08-16T17:40:01,20minutes,98,38
2026-08-16T17:40:01,cnews,93,42
2026-08-17T05:40:02,le_figaro,319,62
2026-08-17T05:40:02,le_capital,32,4
2026-08-17T05:40:02,le_nouvel_observateur,45,2
2026-08-17T05:40:02,le_monde,120,30
2026-08-17T05:40:02,les_echos,58,15
2026-08-17T05:40:02,telerama,31,4
2026-08-17T05:40:02,valeurs_actuelles,32,3
2026-08-17T05:40:02,l_opinion,19,7
2026-08-17T05:40:02,challenges,19,4
2026-08-17T05:40:02,paris_match,100,7
2026-08-17T05:40:02,atlantico,24,0
2026-08-17T05:40:02,la_depeche,633,158
2026-08-17T05:40:02,le_telegramme,637,52
2026-08-17T05:40:02,nice_matin,130,23
2026-08-17T05:40:02,le_journal_du_dimanche,100,1
2026-08-17T05:40:02,sud_ouest,473,108
2026-08-17T05:40:02,mediapart,2426,0
2026-08-17T05:40:02,gala,118,19
2026-08-17T05:40:02,voici,76,3
2026-08-17T05:40:02,bfmtv,346,74
2026-08-17T05:40:02,ouest_france,1908,551
2026-08-17T05:40:02,leparisien,1000,46
2026-08-17T05:40:02,la_croix,77,17
2026-08-17T05:40:02,laprovence,179,17
2026-08-17T05:40:02,marianne,10,1
2026-08-17T05:40:02,midilibre,445,112
2026-08-17T05:40:02,paris_normandie,92,7
2026-08-17T05:40:02,latribune,100,2
2026-08-17T05:40:02,liberation,92,9
2026-08-17T05:40:02,20minutes,103,18
2026-08-17T05:40:02,cnews,96,26
2026-08-17T17:40:03,le_figaro,357,147
2026-08-17T17:40:03,le_capital,51,28
2026-08-17T17:40:03,le_nouvel_observateur,65,20
2026-08-17T17:40:03,le_monde,125,39
2026-08-17T17:40:03,les_echos,101,53
2026-08-17T17:40:03,telerama,29,11
2026-08-17T17:40:03,valeurs_actuelles,33,15
2026-08-17T17:40:03,l_opinion,21,7
2026-08-17T17:40:03,challenges,19,7
2026-08-17T17:40:03,paris_match,100,44
2026-08-17T17:40:03,atlantico,23,11
2026-08-17T17:40:03,la_depeche,717,123
2026-08-17T17:40:03,le_telegramme,846,394
2026-08-17T17:40:03,nice_matin,154,74
2026-08-17T17:40:03,le_journal_du_dimanche,100,18
2026-08-17T17:40:03,sud_ouest,538,187
2026-08-17T17:40:03,mediapart,2436,10
2026-08-17T17:40:03,gala,119,43
2026-08-17T17:40:03,voici,80,35
2026-08-17T17:40:03,bfmtv,526,284
2026-08-17T17:40:03,ouest_france,2102,594
2026-08-17T17:40:03,leparisien,1000,102
2026-08-17T17:40:03,la_croix,93,35
2026-08-17T17:40:03,laprovence,227,124
2026-08-17T17:40:03,marianne,17,7
2026-08-17T17:40:03,midilibre,480,91
2026-08-17T17:40:03,paris_normandie,102,51
2026-08-17T17:40:03,latribune,100,18
2026-08-17T17:40:03,liberation,100,36
2026-08-17T17:40:03,20minutes,145,77
2026-08-17T17:40:03,cnews,94,39
2026-08-18T05:40:02,le_figaro,375,70
2026-08-18T05:40:02,le_capital,52,5
2026-08-18T05:40:02,le_nouvel_observateur,45,3
2026-08-18T05:40:02,le_monde,128,27
2026-08-18T05:40:02,les_echos,116,15
2026-08-18T05:40:02,telerama,29,2
2026-08-18T05:40:02,valeurs_actuelles,32,1
2026-08-18T05:40:02,l_opinion,35,15
2026-08-18T05:40:02,challenges,20,1
2026-08-18T05:40:02,paris_match,100,6
2026-08-18T05:40:02,atlantico,23,0
2026-08-18T05:40:02,la_depeche,799,285
2026-08-18T05:40:02,le_telegramme,834,64
2026-08-18T05:40:02,nice_matin,153,20
2026-08-18T05:40:02,le_journal_du_dimanche,100,2
2026-08-18T05:40:02,sud_ouest,600,103
2026-08-18T05:40:02,mediapart,2424,3
2026-08-18T05:40:02,gala,119,19
2026-08-18T05:40:02,voici,89,15
2026-08-18T05:40:02,bfmtv,559,113
2026-08-18T05:40:02,ouest_france,2250,621
2026-08-18T05:40:02,leparisien,1000,34
2026-08-18T05:40:02,la_croix,96,6
2026-08-18T05:40:02,laprovence,228,16
2026-08-18T05:40:02,marianne,15,2
2026-08-18T05:40:02,midilibre,452,118
2026-08-18T05:40:02,paris_normandie,104,10
2026-08-18T05:40:02,latribune,100,3
2026-08-18T05:40:02,liberation,100,13
2026-08-18T05:40:02,20minutes,148,16
2026-08-18T05:40:02,cnews,96,19
2026-08-18T17:40:02,le_figaro,433,154
2026-08-18T17:40:02,le_capital,71,27
2026-08-18T17:40:02,le_nouvel_observateur,67,22
2026-08-18T17:40:02,le_monde,142,47
2026-08-18T17:40:02,les_echos,176,71
2026-08-18T17:40:02,telerama,47,30
2026-08-18T17:40:02,valeurs_actuelles,31,13
2026-08-18T17:40:02,l_opinion,42,14
2026-08-18T17:40:02,challenges,22,9
2026-08-18T17:40:02,paris_match,100,50
2026-08-18T17:40:02,atlantico,21,10
2026-08-18T17:40:02,la_depeche,889,150
2026-08-18T17:40:02,le_telegramme,908,351
2026-08-18T17:40:02,nice_matin,200,87
2026-08-18T17:40:02,le_journal_du_dimanche,100,18
2026-08-18T17:40:02,sud_ouest,635,192
2026-08-18T17:40:02,mediapart,2434,15
2026-08-18T17:40:02,gala,119,39
2026-08-18T17:40:02,voici,90,34
2026-08-18T17:40:02,bfmtv,768,300
2026-08-18T17:40:02,ouest_france,2420,640
2026-08-18T17:40:02,leparisien,1000,114
2026-08-18T17:40:02,la_croix,105,37
2026-08-18T17:40:02,laprovence,275,117
2026-08-18T17:40:02,marianne,20,5
2026-08-18T17:40:02,midilibre,502,93
2026-08-18T17:40:02,paris_normandie,114,46
2026-08-18T17:40:02,latribune,100,22
2026-08-18T17:40:02,liberation,100,56
2026-08-18T17:40:02,20minutes,195,84
2026-08-18T17:40:02,cnews,94,46
2026-08-19T05:40:02,le_figaro,437,66
2026-08-19T05:40:02,le_capital,71,4
2026-08-19T05:40:02,le_nouvel_observateur,51,4
2026-08-19T05:40:02,le_monde,145,33
2026-08-19T05:40:02,les_echos,185,16
2026-08-19T05:40:02,telerama,46,3
2026-08-19T05:40:02,valeurs_actuelles,31,1
2026-08-19T05:40:02,l_opinion,53,17
2026-08-19T05:40:02,challenges,23,5
2026-08-19T05:40:02,paris_match,100,5
2026-08-19T05:40:02,atlantico,21,0
2026-08-19T05:40:02,la_depeche,973,291
2026-08-19T05:40:02,le_telegramme,893,52
2026-08-19T05:40:02,nice_matin,201,27
2026-08-19T05:40:02,le_journal_du_dimanche,100,4
2026-08-19T05:40:02,sud_ouest,680,111
2026-08-19T05:40:02,mediapart,2422,3
2026-08-19T05:40:02,gala,118,16
2026-08-19T05:40:02,voici,105,17
2026-08-19T05:40:02,bfmtv,794,96
2026-08-19T05:40:02,ouest_france,2508,643
2026-08-19T05:40:02,leparisien,1000,37
2026-08-19T05:40:02,la_croix,87,6
2026-08-19T05:40:02,laprovence,281,22
2026-08-19T05:40:02,marianne,17,2
2026-08-19T05:40:02,midilibre,492,122
2026-08-19T05:40:02,paris_normandie,116,9
2026-08-19T05:40:02,latribune,100,3
2026-08-19T05:40:02,liberation,100,19
2026-08-19T05:40:02,20minutes,197,21
2026-08-19T05:40:02,cnews,96,26
2026-08-19T17:40:02,le_figaro,451,160
2026-08-19T17:40:02,le_capital,68,25
2026-08-19T17:40:02,le_nouvel_observateur,68,17
2026-08-19T17:40:02,le_monde,166,61
2026-08-19T17:40:02,les_echos,192,74
2026-08-19T17:40:02,telerama,54,22
2026-08-19T17:40:02,valeurs_actuelles,28,13
2026-08-19T17:40:02,l_opinion,60,15
2026-08-19T17:40:02,challenges,26,10
2026-08-19T17:40:02,paris_match,100,47
2026-08-19T17:40:02,atlantico,20,10
2026-08-19T17:40:02,la_depeche,999,188
2026-08-19T17:40:02,le_telegramme,879,363
2026-08-19T17:40:02,nice_matin,216,89
2026-08-19T17:40:02,le_journal_du_dimanche,100,14
2026-08-19T17:40:02,sud_ouest,711,242
2026-08-19T17:40:02,mediapart,2432,10
2026-08-19T17:40:02,gala,109,35
2026-08-19T17:40:02,voici,105,36
2026-08-19T17:40:02,bfmtv,786,281
2026-08-19T17:40:02,ouest_france,2624,703
2026-08-19T17:40:02,leparisien,1000,142
2026-08-19T17:40:02,la_croix,93,39
2026-08-19T17:40:02,laprovence,272,118
2026-08-19T17:40:02,marianne,24,7
2026-08-19T17:40:02,midilibre,538,110
2026-08-19T17:40:02,paris_normandie,111,46
2026-08-19T17:40:02,latribune,100,17
2026-08-19T17:40:02,liberation,100,51
2026-08-19T17:40:02,20minutes,215,94
2026-08-19T17:40:02,cnews,94,50
